Instance	Best Solution (Makespan)		AIV – time=10							AIV – time=30							AIV – time=50							HIVP – time=10							HIVP – time=30							HIVP – time=50					
			Best	Average	RPD_avg	RPD_best	Median	Worse		Best	Average	RPD_avg	RPD_best	Median	Worse		Best	Average	RPD_avg	RPD_best	Median	Worse		Best	Average	RPD_avg	RPD_best	Median	Worse		Best	Average	RPD_avg	RPD_best	Median	Worse		Best	Average	RPD_avg	RPD_best	Median	Worse
I_50_10_S_1-124_1	114		109	115,467	1,28655	-4,38596	117	121		106	111,633	-2,07602	-7,01754	112	118		104	111,6	-2,10526	-8,77193	112	117		110.0	115,833	1,608	-3,509	117	122.0		106.0	112,2	-1,579	-7,018	112	119.0		104.0	111,167	-2,485	-8,772	112	116.0
I_50_10_S_1-124_10	130		118	130,5	0,384615	-9,23077	132,5	138		116	128,5	-1,15385	-10,7692	131	137		116	125,133	-3,74359	-10,7692	125	132		121.0	130,367	0,282	-6,923	131	140.0		116.0	126,467	-2,718	-10,769	128	133.0		115.0	125,1	-3,769	-11,538	126	130.0
I_50_10_S_1-124_2	131		129	137,367	4,86005	-1,52672	138	145		124	134,3	2,51908	-5,34351	135	141		124	133,4	1,83206	-5,34351	133	140		126.0	136,567	4,249	-3,817	138	141.0		124.0	132,133	0,865	-5,344	133	138.0		124.0	131,667	0,509	-5,344	132	137.0
I_50_10_S_1-124_3	119		112	120,067	0,896359	-5,88235	119,5	127		114	117,933	-0,896359	-4,20168	117,5	125		113	117,7	-1,09244	-5,04202	118	127		114.0	121,233	1,877	-4,202	121	130.0		111.0	116,633	-1,989	-6,723	117	122.0		110.0	116,133	-2,409	-7,563	116,5	120.0
I_50_10_S_1-124_4	114		108	118,033	3,53801	-5,26316	117,5	127		108	116,033	1,78363	-5,26316	114	124		111	114,7	0,614035	-2,63158	114	123		112.0	115,7	1,491	-1,754	116	119.0		106.0	113,433	-0,497	-7,018	114	116.0		106.0	113,3	-0,614	-7,018	114	119.0
I_50_10_S_1-124_5	123		113	123,967	0,785908	-8,13008	123,5	136		112	121,867	-0,921409	-8,94309	123	129		111	118,833	-3,38753	-9,7561	119	126		116.0	124,033	0,84	-5,691	125	132.0		113.0	119,7	-2,683	-8,13	120	128.0		113.0	118,767	-3,442	-8,13	118,5	128.0
I_50_10_S_1-124_6	114		116	126,667	11,1111	1,75439	127	140		116	124,2	8,94737	1,75439	124,5	135		115	123,9	8,68421	0,877193	124,5	133		113.0	121,567	6,637	-0,877	122	129.0		113.0	118	3,509	-0,877	118	124.0		113.0	117,433	3,012	-0,877	116	124.0
I_50_10_S_1-124_7	111		112	122,967	10,7808	0,900901	124,5	136		112	120,167	8,25826	0,900901	122	127		112	118,9	7,11712	0,900901	119	125		113.0	118,8	7,027	1,802	118,5	126.0		111.0	114,267	2,943	0	114	118.0		109.0	114,2	2,883	-1,802	115	117.0
I_50_10_S_1-124_8	117		111	121,1	3,50427	-5,12821	122	131		112	118,967	1,68091	-4,2735	119	129		112	117,5	0,42735	-4,2735	118	123		114.0	120,967	3,39	-2,564	121,5	127.0		107.0	116,467	-0,456	-8,547	117,5	123.0		107.0	116,767	-0,199	-8,547	117	122.0
I_50_10_S_1-124_9	112		108	118,5	5,80357	-3,57143	118	129		108	117,033	4,49405	-3,57143	116	129		108	115,633	3,24405	-3,57143	116	124		109.0	114,767	2,47	-2,679	114	125.0		108.0	112,533	0,476	-3,571	114	119.0		109.0	111,9	-0,089	-2,679	112	119.0
I_50_10_S_1-49_1	77		77	79,7667	3,59307	0	77,5	87		77	78,1333	1,47186	0	77	86		77	78,9333	2,51082	0	77,5	86		77.0	77,867	1,126	0	77,5	81.0		77.0	77,367	0,476	0	77	80.0		77.0	77,167	0,216	0	77	78.0
I_50_10_S_1-49_10	95		100	104,3	9,78947	5,26316	105	109		95	102,333	7,7193	0	103	109		97	101,233	6,5614	2,10526	101	107		95.0	101	6,316	0	101	105.0		97.0	100,233	5,509	2,105	100	103.0		95.0	99,867	5,123	0	100	104.0
I_50_10_S_1-49_2	88		85	92,4	5	-3,40909	92	97		86	90,4667	2,80303	-2,27273	90	97		83	89	1,13636	-5,68182	89,5	97		86.0	88,8	0,909	-2,273	89	92.0		83.0	87,6	-0,455	-5,682	87	92.0		83.0	86,767	-1,402	-5,682	86	91.0
I_50_10_S_1-49_3	77		76	79,8333	3,67965	-1,2987	80	83		76	78,4	1,81818	-1,2987	78	83		76	78,6	2,07792	-1,2987	78	83		73.0	78,067	1,385	-5,195	78	81.0		75.0	77,333	0,433	-2,597	77	80.0		74.0	76,667	-0,433	-3,896	77	79.0
I_50_10_S_1-49_4	109		111	116,933	7,27829	1,83486	116	124		111	115,2	5,68807	1,83486	115	121		110	114,767	5,29052	0,917431	115	122		111.0	115,767	6,208	1,835	115	121.0		109.0	113,633	4,251	0	113	120.0		109.0	112,467	3,18	0	113	115.0
I_50_10_S_1-49_5	90		87	91,3333	1,48148	-3,33333	90,5	98		87	89,7667	-0,259259	-3,33333	90	96		86	88,8333	-1,2963	-4,44444	88	95		86.0	89,767	-0,259	-4,444	90	94.0		86.0	87,567	-2,704	-4,444	87	92.0		86.0	87,3	-3	-4,444	87	90.0
I_50_10_S_1-49_6	81		79	84,6667	4,52675	-2,46914	85,5	90		79	84,0667	3,78601	-2,46914	84,5	90		77	83,3667	2,92181	-4,93827	85	89		79.0	84,6	4,444	-2,469	85	90.0		79.0	82,767	2,181	-2,469	83	87.0		77.0	81,5	0,617	-4,938	81	87.0
I_50_10_S_1-49_7	100		94	100,033	0,0333333	-6	100	105		94	98,4333	-1,56667	-6	100	103		93	98,5333	-1,46667	-7	100	102		93.0	97,5	-2,5	-7	97	102.0		90.0	95,767	-4,233	-10	96	100.0		90.0	95,6	-4,4	-10	96	100.0
I_50_10_S_1-49_8	102		99	103,267	1,24183	-2,94118	103	110		95	101,567	-0,424837	-6,86275	101,5	107		97	100,767	-1,20915	-4,90196	101	104		96.0	101,667	-0,327	-5,882	102	105.0		95.0	100,633	-1,34	-6,863	101	104.0		94.0	99,133	-2,81	-7,843	99,5	102.0
I_50_10_S_1-49_9	99		96	102,933	3,97306	-3,0303	104,5	105		96	100,767	1,78451	-3,0303	102	106		95	101,3	2,32323	-4,0404	102	105		96.0	100,467	1,481	-3,03	100	106.0		96.0	98,5	-0,505	-3,03	98	105.0		96.0	98,033	-0,976	-3,03	98	105.0
I_50_10_S_1-9_1	67		67	69,8667	4,27861	0	71	72		67	69,3667	3,53234	0	69	73		67	68,7667	2,63682	0	69	72		66.0	67,933	1,393	-1,493	67	71.0		66.0	67,167	0,249	-1,493	67	71.0		66.0	66,967	-0,05	-1,493	67	67.0
I_50_10_S_1-9_10	61		60	63,3333	3,82514	-1,63934	64	68		60	62,1333	1,85792	-1,63934	62	67		60	62,3333	2,18579	-1,63934	63,5	67		61.0	63,467	4,044	0	64	65.0		60.0	61,733	1,202	-1,639	61	64.0		60.0	61,4	0,656	-1,639	61	64.0
I_50_10_S_1-9_2	56		58	58	3,57143	3,57143	58	58		54	57,3	2,32143	-3,57143	58	58		54	57,3333	2,38095	-3,57143	58	58		56.0	57,333	2,381	0	58	58.0		54.0	56	0	-3,571	56	58.0		54.0	55,9	-0,179	-3,571	56	58.0
I_50_10_S_1-9_3	70		69	70,8333	1,19048	-1,42857	71	73		69	70,4	0,571429	-1,42857	70	72		68	70,1	0,142857	-2,85714	70	72		69.0	71	1,429	-1,429	71,5	72.0		69.0	70,3	0,429	-1,429	70	72.0		68.0	69,833	-0,238	-2,857	70	72.0
I_50_10_S_1-9_4	66		65	72,1667	9,34343	-1,51515	71	84		65	69,3667	5,10101	-1,51515	69	84		65	69,7	5,60606	-1,51515	70	84		65.0	68,033	3,081	-1,515	68	73.0		65.0	66,933	1,414	-1,515	67	70.0		65.0	66,8	1,212	-1,515	66,5	70.0
I_50_10_S_1-9_5	70		70	71,4333	2,04762	0	70	77		69	70,5333	0,761905	-1,42857	70	77		69	70,2667	0,380952	-1,42857	70	76		70.0	70,267	0,381	0	70	72.0		69.0	69,933	-0,095	-1,429	70	70.0		69.0	69,967	-0,048	-1,429	70	70.0
I_50_10_S_1-9_6	73		73	75,8333	3,88128	0	75	83		73	74,6	2,19178	0	74	81		72	74,4	1,91781	-1,36986	74	81		72.0	74,333	1,826	-1,37	74	76.0		72.0	73,8	1,096	-1,37	74	77.0		72.0	73,3	0,411	-1,37	74	74.0
I_50_10_S_1-9_7	70		66	67,5	-3,57143	-5,71429	67	70		66	67,1667	-4,04762	-5,71429	67	72		66	67,1	-4,14286	-5,71429	67	69		66.0	67,7	-3,286	-5,714	67	71.0		66.0	66,667	-4,762	-5,714	67	69.0		66.0	66,5	-5	-5,714	67	67.0
I_50_10_S_1-9_8	70		68	70,8	1,14286	-2,85714	71	80		68	69,6667	-0,47619	-2,85714	70	76		68	69,4333	-0,809524	-2,85714	69,5	74		69.0	71,367	1,952	-1,429	71,5	76.0		68.0	70,933	1,333	-2,857	71	74.0		68.0	70,533	0,762	-2,857	70,5	73.0
I_50_10_S_1-9_9	69		69	70	1,44928	0	70	73		69	69,5333	0,772947	0	69	72		68	69,0667	0,0966184	-1,44928	69	70		69.0	69,767	1,111	0	70	71.0		68.0	69,7	1,014	-1,449	70	70.0		69.0	69,267	0,386	0	69	70.0
I_50_10_S_1-99_1	118		112	115,567	-2,06215	-5,08475	116	123		111	114,933	-2,59887	-5,9322	115	119		113	114,7	-2,79661	-4,23729	114	123		112.0	117,067	-0,791	-5,085	118	121.0		113.0	116,033	-1,667	-4,237	116	122.0		110.0	114	-3,39	-6,78	114	118.0
I_50_10_S_1-99_10	106		104	110,433	4,18239	-1,88679	111	118		101	107,067	1,00629	-4,71698	106	111		101	106,833	0,786164	-4,71698	106	114		102.0	108,3	2,17	-3,774	109	114.0		101.0	106,1	0,094	-4,717	106	111.0		102.0	105,167	-0,786	-3,774	106	109.0
I_50_10_S_1-99_2	118		116	123,4	4,57627	-1,69492	123	133		115	119,333	1,12994	-2,54237	118	125		112	119,1	0,932203	-5,08475	119	126		115.0	120,467	2,09	-2,542	121	125.0		111.0	118,067	0,056	-5,932	118	126.0		111.0	116,833	-0,989	-5,932	117	125.0
I_50_10_S_1-99_3	117		112	118,733	1,48148	-4,2735	120	125		111	117,5	0,42735	-5,12821	118	128		105	116,067	-0,797721	-10,2564	116	122		111.0	118,133	0,969	-5,128	118	125.0		113.0	115,767	-1,054	-3,419	116	120.0		111.0	114,8	-1,88	-5,128	115	119.0
I_50_10_S_1-99_4	103		100	105,267	2,20065	-2,91262	106	114		98	103,967	0,938511	-4,85437	105	106		97	104,2	1,16505	-5,82524	104,5	113		101.0	104,1	1,068	-1,942	104	108.0		97.0	103,333	0,324	-5,825	103	108.0		99.0	101,2	-1,748	-3,883	101	106.0
I_50_10_S_1-99_5	114		110	118,4	3,85965	-3,50877	119	125		111	117,1	2,7193	-2,63158	118	124		110	116,267	1,9883	-3,50877	117	120		111.0	118	3,509	-2,632	118	125.0		111.0	114,9	0,789	-2,632	114,5	119.0		107.0	113,367	-0,556	-6,14	114	118.0
I_50_10_S_1-99_6	117		111	119,5	2,13675	-5,12821	119,5	128		110	117,733	0,626781	-5,98291	117	124		109	116,267	-0,626781	-6,83761	116	125		111.0	118,333	1,14	-5,128	118	124.0		110.0	116,4	-0,513	-5,983	117	121.0		110.0	115,433	-1,339	-5,983	116	120.0
I_50_10_S_1-99_7	115		116	123,167	7,10145	0,869565	123	131		115	119,3	3,73913	0	119	127		114	119,967	4,31884	-0,869565	121	126		117.0	120,933	5,159	1,739	121	126.0		115.0	118,633	3,159	0	119	125.0		113.0	117,7	2,348	-1,739	119	121.0
I_50_10_S_1-99_8	99		101	107,333	8,41751	2,0202	108	112		97	104,3	5,35354	-2,0202	105	111		97	103,967	5,01684	-2,0202	105	110		98.0	107,033	8,114	-1,01	108	111.0		98.0	102,6	3,636	-1,01	102,5	108.0		96.0	102,667	3,704	-3,03	103	108.0
I_50_10_S_1-99_9	112		104	117,733	5,11905	-7,14286	118	124		104	114,167	1,93452	-7,14286	116	121		104	113,533	1,36905	-7,14286	115	120		105.0	117,033	4,494	-6,25	117	124.0		105.0	113,967	1,756	-6,25	116	119.0		104.0	111,333	-0,595	-7,143	111,5	119.0
I_50_15_S_1-124_1	75		72	77,2333	2,97778	-4	77	83		70	74,8333	-0,222222	-6,66667	75	82		68	75,2667	0,355556	-9,33333	75	80		69.0	75	0	-8	75	82.0		70.0	72,867	-2,844	-6,667	72,5	76.0		70.0	72,667	-3,111	-6,667	72,5	76.0
I_50_15_S_1-124_10	70		68	71,5333	2,19048	-2,85714	71	78		65	69,1667	-1,19048	-7,14286	70	72		64	68,0333	-2,80952	-8,57143	68	72		64.0	68,667	-1,905	-8,571	68	72.0		64.0	67,433	-3,667	-8,571	68	72.0		64.0	67,6	-3,429	-8,571	68	70.0
I_50_15_S_1-124_2	70		70	73,2333	4,61905	0	74	76		69	71,7	2,42857	-1,42857	72	75		67	70,6333	0,904762	-4,28571	70	75		68.0	71,867	2,667	-2,857	73	75.0		68.0	71,2	1,714	-2,857	70	75.0		67.0	69,733	-0,381	-4,286	70	74.0
I_50_15_S_1-124_3	67		62	67,7	1,04478	-7,46269	67,5	75		62	65,6333	-2,0398	-7,46269	65	72		62	65,9333	-1,59204	-7,46269	65	73		63.0	68,5	2,239	-5,97	68,5	74.0		63.0	66,167	-1,244	-5,97	66	70.0		62.0	65,333	-2,488	-7,463	65	69.0
I_50_15_S_1-124_4	73		68	73,8	1,09589	-6,84932	74	82		67	71,2	-2,46575	-8,21918	70	77		67	72,2	-1,09589	-8,21918	71,5	79		68.0	72,233	-1,05	-6,849	71,5	78.0		68.0	70,567	-3,333	-6,849	70	77.0		68.0	69,833	-4,338	-6,849	69,5	75.0
I_50_15_S_1-124_5	60		59	64,9667	8,27778	-1,66667	66	71		58	63,1	5,16667	-3,33333	64,5	71		57	62	3,33333	-5	62	66		58.0	59,933	-0,111	-3,333	58,5	66.0		57.0	58,4	-2,667	-5	58	63.0		57.0	58,133	-3,111	-5	58	60.0
I_50_15_S_1-124_6	76		71	78,8667	3,77193	-6,57895	79,5	83		70	77,2	1,57895	-7,89474	78	86		72	77,1	1,44737	-5,26316	78	80		71.0	79,133	4,123	-6,579	80	85.0		70.0	77,267	1,667	-7,895	78	81.0		69.0	75	-1,316	-9,211	75,5	80.0
I_50_15_S_1-124_7	76		70	76,5667	0,745614	-7,89474	77,5	83		66	73,2333	-3,64035	-13,1579	74	79		65	73,4	-3,42105	-14,4737	73,5	78		66.0	72,6	-4,474	-13,158	73	78.0		65.0	71,867	-5,439	-14,474	73	77.0		64.0	70,433	-7,325	-15,789	70	76.0
I_50_15_S_1-124_8	80		74	78,4667	-1,91667	-7,5	79	83		73	77,3333	-3,33333	-8,75	77	81		71	76,9667	-3,79167	-11,25	77	81		73.0	78,3	-2,125	-8,75	79	84.0		71.0	76,633	-4,208	-11,25	76	81.0		71.0	75,767	-5,292	-11,25	76	79.0
I_50_15_S_1-124_9	75		70	74,7667	-0,311111	-6,66667	75,5	82		71	73,7	-1,73333	-5,33333	74	76		68	73,3667	-2,17778	-9,33333	74	77		72.0	75,5	0,667	-4	75,5	80.0		71.0	73,867	-1,511	-5,333	74,5	76.0		70.0	73,733	-1,689	-6,667	74	76.0
I_50_15_S_1-49_1	59		56	57,1667	-3,10734	-5,08475	57	60		56	57,1	-3,22034	-5,08475	57	63		56	56,8	-3,72881	-5,08475	56	63		56.0	57,967	-1,751	-5,085	58	64.0		56.0	57,133	-3,164	-5,085	57,5	58.0		56.0	57	-3,39	-5,085	57	59.0
I_50_15_S_1-49_10	56		53	55,9667	-0,0595238	-5,35714	56	61		50	56,0667	0,119048	-10,7143	56,5	60		51	55,5	-0,892857	-8,92857	56	59		51.0	55,633	-0,655	-8,929	56	61.0		50.0	54,9	-1,964	-10,714	55	58.0		51.0	54	-3,571	-8,929	54	57.0
I_50_15_S_1-49_2	57		51	53,4667	-6,19883	-10,5263	54	57		51	52,8	-7,36842	-10,5263	53,5	57		51	52,4667	-7,95322	-10,5263	52	55		51.0	53,6	-5,965	-10,526	54	55.0		51.0	52,633	-7,661	-10,526	53	54.0		51.0	52,3	-8,246	-10,526	52	54.0
I_50_15_S_1-49_3	57		53	57,2333	0,409357	-7,01754	55,5	68		55	56,3667	-1,11111	-3,50877	55	62		55	56,0333	-1,69591	-3,50877	55	61		55.0	57,767	1,345	-3,509	58	63.0		53.0	55,467	-2,69	-7,018	55	58.0		53.0	55,5	-2,632	-7,018	55	59.0
I_50_15_S_1-49_4	59		57	61,2667	3,84181	-3,38983	61	70		57	60,3333	2,25989	-3,38983	61	67		57	59,8	1,35593	-3,38983	59	65		58.0	59,333	0,565	-1,695	59	62.0		57.0	58,7	-0,508	-3,39	58	61.0		57.0	58,4	-1,017	-3,39	58	61.0
I_50_15_S_1-49_5	57		52	53,9333	-5,38012	-8,77193	52	59		52	53,2333	-6,60819	-8,77193	52	59		51	52,9333	-7,1345	-10,5263	52	59		51.0	52,567	-7,778	-10,526	52	58.0		50.0	52,1	-8,596	-12,281	52	57.0		50.0	51,933	-8,889	-12,281	52	57.0
I_50_15_S_1-49_6	56		53	56,9333	1,66667	-5,35714	58	59		51	55,8333	-0,297619	-8,92857	56	60		52	55,5667	-0,77381	-7,14286	56	60		54.0	56,233	0,417	-3,571	56	59.0		51.0	54,933	-1,905	-8,929	55	56.0		51.0	54,2	-3,214	-8,929	55	58.0
I_50_15_S_1-49_7	50		45	50,6333	1,26667	-10	51	55		47	50,1667	0,333333	-6	51	53		46	49,9333	-0,133333	-8	51	54		50.0	51,567	3,133	0	51	55.0		46.0	49,467	-1,067	-8	50	54.0		46.0	49,133	-1,733	-8	50	52.0
I_50_15_S_1-49_8	55		51	55	0	-7,27273	55	60		52	54,3667	-1,15152	-5,45455	54	60		50	53,6	-2,54545	-9,09091	53,5	60		52.0	54,4	-1,091	-5,455	54	58.0		51.0	52,933	-3,758	-7,273	53	56.0		51.0	52,767	-4,061	-7,273	53	54.0
I_50_15_S_1-49_9	54		49	53,5667	-0,802469	-9,25926	54	57		49	53,3	-1,2963	-9,25926	53	61		49	52,2333	-3,2716	-9,25926	52	55		49.0	52	-3,704	-9,259	52	55.0		49.0	50,667	-6,173	-9,259	50,5	53.0		49.0	50,767	-5,988	-9,259	52	53.0
I_50_15_S_1-9_1	36		36	38,2333	6,2037	0	38	41		36	37,8	5	0	38	39		35	37,7333	4,81481	-2,77778	38	38		36.0	37,8	5	0	38	38.0		35.0	37,633	4,537	-2,778	38	38.0		34.0	36,8	2,222	-5,556	37,5	38.0
I_50_15_S_1-9_10	35		34	35,6667	1,90476	-2,85714	36	38		34	35,0333	0,0952381	-2,85714	34,5	38		34	34,8333	-0,47619	-2,85714	34	38		34.0	34,8	-0,571	-2,857	35	38.0		34.0	34,267	-2,095	-2,857	34	35.0		34.0	34,267	-2,095	-2,857	34	35.0
I_50_15_S_1-9_2	39		39	40,3	3,33333	0	39	42		39	40	2,5641	0	39	42		38	39,4333	1,11111	-2,5641	39	42		39.0	40,9	4,872	0	42	42.0		38.0	39,833	2,137	-2,564	39	42.0		38.0	39,6	1,538	-2,564	39	42.0
I_50_15_S_1-9_3	36		36	37,1667	3,24074	0	37	40		36	36,9333	2,59259	0	37	37		36	36,9667	2,68519	0	37	37		36.0	37,133	3,148	0	37	38.0		36.0	36,8	2,222	0	37	37.0		36.0	36,733	2,037	0	37	37.0
I_50_15_S_1-9_4	38		36	39,4	3,68421	-5,26316	39,5	48		36	37,4	-1,57895	-5,26316	37	41		36	37,2	-2,10526	-5,26316	37	41		36.0	37,2	-2,105	-5,263	37	40.0		36.0	36,833	-3,07	-5,263	37	40.0		36.0	36,5	-3,947	-5,263	36,5	38.0
I_50_15_S_1-9_5	38		38	41,7333	9,82456	0	43	50		38	40,1667	5,70175	0	39,5	43		38	39,8	4,73684	0	38	50		38.0	38,7	1,842	0	38	42.0		38.0	38,167	0,439	0	38	40.0		38.0	38,067	0,175	0	38	39.0
I_50_15_S_1-9_6	41		38	40,8333	-0,406504	-7,31707	41	43		38	38,7	-5,60976	-7,31707	38	43		38	39,0667	-4,71545	-7,31707	38	43		38.0	40,5	-1,22	-7,317	41	43.0		38.0	38,5	-6,098	-7,317	38	41.0		37.0	38,4	-6,341	-9,756	38	41.0
I_50_15_S_1-9_7	36		33	37,7	4,72222	-8,33333	37,5	43		34	36,2333	0,648148	-5,55556	36	41		33	36,0333	0,0925926	-8,33333	36	41		33.0	34,8	-3,333	-8,333	35	36.0		33.0	34,767	-3,426	-8,333	35	36.0		33.0	34,7	-3,611	-8,333	35	36.0
I_50_15_S_1-9_8	37		36	38,5	4,05405	-2,7027	38	41		36	37,4667	1,26126	-2,7027	37	39		36	37,0667	0,18018	-2,7027	37	39		37.0	37,233	0,631	0	37	39.0		36.0	37,067	0,18	-2,703	37	39.0		37.0	37	0	0	37	37.0
I_50_15_S_1-9_9	41		40	42,7	4,14634	-2,43902	43	45		40	41,3667	0,894309	-2,43902	41	45		39	41,7	1,70732	-4,87805	42,5	45		39.0	41,033	0,081	-4,878	40,5	43.0		40.0	40,233	-1,87	-2,439	40	42.0		39.0	40,067	-2,276	-4,878	40	41.0
I_50_15_S_1-99_1	78		67	74,2	-4,87179	-14,1026	75	82		68	72,7333	-6,75214	-12,8205	72	78		68	72,7	-6,79487	-12,8205	73	76		67.0	72,767	-6,709	-14,103	73,5	78.0		67.0	70,667	-9,402	-14,103	71	74.0		67.0	69,967	-10,299	-14,103	69,5	74.0
I_50_15_S_1-99_10	75		71	75	0	-5,33333	74	80		70	74,5667	-0,577778	-6,66667	74	80		71	74,5	-0,666667	-5,33333	74	80		71.0	75,633	0,844	-5,333	76	80.0		71.0	73,733	-1,689	-5,333	74	80.0		71.0	73,6	-1,867	-5,333	74	79.0
I_50_15_S_1-99_2	60		58	64,8	8	-3,33333	66	70		58	63,1333	5,22222	-3,33333	63,5	71		58	64,0333	6,72222	-3,33333	65	71		59.0	61,2	2	-1,667	60	70.0		58.0	59,867	-0,222	-3,333	60	65.0		58.0	59,1	-1,5	-3,333	59	60.0
I_50_15_S_1-99_3	65		61	66,4	2,15385	-6,15385	67	72		61	64,3667	-0,974359	-6,15385	63	71		59	63,4333	-2,41026	-9,23077	64	68		59.0	63,5	-2,308	-9,231	64	71.0		59.0	62,133	-4,41	-9,231	63	65.0		59.0	61,267	-5,744	-9,231	61,5	65.0
I_50_15_S_1-99_4	71		62	69,4667	-2,15962	-12,6761	69	78		62	67,8	-4,50704	-12,6761	66,5	75		62	66,5667	-6,24413	-12,6761	66	82		62.0	68	-4,225	-12,676	67	74.0		59.0	65	-8,451	-16,901	66	72.0		61.0	65,467	-7,793	-14,085	66	72.0
I_50_15_S_1-99_5	70		65	71,5333	2,19048	-7,14286	72,5	75		65	69,6333	-0,52381	-7,14286	70,5	75		65	69,3667	-0,904762	-7,14286	68	75		69.0	72,533	3,619	-1,429	73	76.0		64.0	69,567	-0,619	-8,571	70	74.0		65.0	68,7	-1,857	-7,143	68	74.0
I_50_15_S_1-99_6	66		66	70,8	7,27273	0	72	75		62	68,6667	4,0404	-6,06061	69,5	73		65	68,3333	3,53535	-1,51515	68,5	72		66.0	68,467	3,737	0	68	73.0		62.0	67	1,515	-6,061	66	71.0		63.0	66,667	1,01	-4,545	66	71.0
I_50_15_S_1-99_7	65		63	68,4667	5,33333	-3,07692	68	76		62	66,8	2,76923	-4,61538	67	71		61	65,0667	0,102564	-6,15385	65	74		61.0	66,233	1,897	-6,154	66,5	70.0		61.0	64,633	-0,564	-6,154	65	70.0		59.0	63,4	-2,462	-9,231	64	68.0
I_50_15_S_1-99_8	62		52	60,5333	-2,36559	-16,129	61	70		52	57,9	-6,6129	-16,129	58	70		52	57,2667	-7,63441	-16,129	58	63		52.0	58,167	-6,183	-16,129	58	63.0		52.0	55,833	-9,946	-16,129	57	59.0		52.0	55,933	-9,785	-16,129	57	60.0
I_50_15_S_1-99_9	78		66	70,5333	-9,57265	-15,3846	70,5	79		65	69,5333	-10,8547	-16,6667	68	75		66	68,8667	-11,7094	-15,3846	68	75		66.0	70,567	-9,53	-15,385	71	75.0		65.0	69,267	-11,197	-16,667	69	74.0		65.0	69,367	-11,068	-16,667	69,5	74.0
I_50_20_S_1-124_1	52		49	55,7333	7,17949	-5,76923	57	60		49	55,4667	6,66667	-5,76923	57	60		48	53,7333	3,33333	-7,69231	53	60		47.0	52,567	1,09	-9,615	53	57.0		46.0	50,5	-2,885	-11,538	51	54.0		46.0	49,767	-4,295	-11,538	49,5	54.0
I_50_20_S_1-124_10	45		44	52,5	16,6667	-2,22222	53,5	63		43	49,3333	9,62963	-4,44444	48,5	59		43	49,4333	9,85185	-4,44444	49,5	55		43.0	44,2	-1,778	-4,444	44	46.0		42.0	43,333	-3,704	-6,667	43	44.0		42.0	43,367	-3,63	-6,667	43,5	45.0
I_50_20_S_1-124_2	54		47	55,5667	2,90123	-12,963	56	65		47	52,2	-3,33333	-12,963	52,5	61		46	52,3333	-3,08642	-14,8148	54	65		45.0	48,6	-10	-16,667	48,5	53.0		42.0	46,7	-13,519	-22,222	47	50.0		44.0	46,833	-13,272	-18,519	47	49.0
I_50_20_S_1-124_3	51		47	53,3667	4,64052	-7,84314	54	65		47	52,1667	2,28758	-7,84314	51	60		46	50,4667	-1,04575	-9,80392	50	59		46.0	49,1	-3,725	-9,804	49	54.0		45.0	47,6	-6,667	-11,765	48	50.0		45.0	47,033	-7,778	-11,765	47	51.0
I_50_20_S_1-124_4	51		47	53,6	5,09804	-7,84314	54	62		45	51,4333	0,849673	-11,7647	51	59		47	51,0333	0,0653595	-7,84314	51	57		45.0	48,033	-5,817	-11,765	49	51.0		44.0	46,9	-8,039	-13,725	46	53.0		44.0	46,567	-8,693	-13,725	46	51.0
I_50_20_S_1-124_5	45		43	47,8333	6,2963	-4,44444	48,5	56		42	47,5333	5,62963	-6,66667	48	55		40	45,3333	0,740741	-11,1111	45	50		41.0	43,867	-2,519	-8,889	44	47.0		39.0	43,233	-3,926	-13,333	44	45.0		40.0	42,967	-4,519	-11,111	43	44.0
I_50_20_S_1-124_6	50		44	48,6	-2,8	-12	48	56		44	47,5333	-4,93333	-12	46	54		45	47,2	-5,6	-10	47	54		45.0	47,267	-5,467	-10	47	50.0		45.0	46,3	-7,4	-10	46	48.0		45.0	46,067	-7,867	-10	46	48.0
I_50_20_S_1-124_7	45		42	46,3333	2,96296	-6,66667	46	56		42	45	0	-6,66667	45	51		42	44,5333	-1,03704	-6,66667	45	48		42.0	44,367	-1,407	-6,667	45	45.0		42.0	44,367	-1,407	-6,667	45	45.0		41.0	43,4	-3,556	-8,889	44	45.0
I_50_20_S_1-124_8	48		45	51,5333	7,36111	-6,25	52	59		44	50,4	5	-8,33333	52	59		44	50,4667	5,13889	-8,33333	52	56		44.0	46,3	-3,542	-8,333	46	50.0		43.0	44,967	-6,319	-10,417	44,5	47.0		42.0	44,533	-7,222	-12,5	44	46.0
I_50_20_S_1-124_9	55		51	56,4667	2,66667	-7,27273	56	66		49	54,3	-1,27273	-10,9091	54	61		47	54,3333	-1,21212	-14,5455	53,5	63		49.0	50,9	-7,455	-10,909	51	55.0		46.0	49,433	-10,121	-16,364	49	52.0		47.0	49,267	-10,424	-14,545	49	52.0
I_50_20_S_1-49_1	39		36	39	0	-7,69231	38	44		36	37,8333	-2,99145	-7,69231	38	43		36	37,9	-2,82051	-7,69231	38	43		36.0	37,9	-2,821	-7,692	38	39.0		34.0	37,367	-4,188	-12,821	38	39.0		34.0	37,067	-4,957	-12,821	38	38.0
I_50_20_S_1-49_10	43		38	42,7	-0,697674	-11,6279	42	51		36	40,8	-5,11628	-16,2791	41	46		37	40,6667	-5,42636	-13,9535	40	51		36.0	39,9	-7,209	-16,279	39	45.0		37.0	38,233	-11,085	-13,953	38,5	41.0		37.0	38,167	-11,24	-13,953	38	42.0
I_50_20_S_1-49_2	31		29	32,8333	5,91398	-6,45161	32	44		29	31,4	1,29032	-6,45161	32	35		30	31,3333	1,07527	-3,22581	32	35		30.0	31,7	2,258	-3,226	32	32.0		30.0	31,533	1,72	-3,226	32	32.0		30.0	31,3	0,968	-3,226	32	32.0
I_50_20_S_1-49_3	38		34	37,6	-1,05263	-10,5263	36	50		33	36,5667	-3,77193	-13,1579	36	40		34	37,1667	-2,19298	-10,5263	37	47		34.0	36,6	-3,684	-10,526	36,5	39.0		33.0	34,833	-8,333	-13,158	35	38.0		34.0	34,767	-8,509	-10,526	35	38.0
I_50_20_S_1-49_4	32		31	34,1667	6,77083	-3,125	34	38		30	33,1	3,4375	-6,25	33	39		30	32,5333	1,66667	-6,25	32,5	35		30.0	32,267	0,833	-6,25	32	34.0		30.0	31,6	-1,25	-6,25	32	33.0		30.0	31,3	-2,187	-6,25	32	32.0
I_50_20_S_1-49_5	32		31	34,7667	8,64583	-3,125	34	40		31	33,7	5,3125	-3,125	34	37		31	33,7	5,3125	-3,125	34	36		31.0	32,033	0,104	-3,125	32	34.0		31.0	31,433	-1,771	-3,125	31	33.0		31.0	31,367	-1,979	-3,125	31	33.0
I_50_20_S_1-49_6	33		31	35,1333	6,46465	-6,06061	34	45		31	33,7	2,12121	-6,06061	34	37		31	34,1333	3,43434	-6,06061	34,5	42		31.0	31,933	-3,232	-6,061	32	33.0		30.0	31,667	-4,04	-9,091	32	32.0		30.0	31,233	-5,354	-9,091	32	32.0
I_50_20_S_1-49_7	37		35	40,7	10	-5,40541	40	49		35	38,7333	4,68468	-5,40541	39	43		35	37,7	1,89189	-5,40541	37,5	46		33.0	35,133	-5,045	-10,811	35	37.0		34.0	34,933	-5,586	-8,108	35	37.0		34.0	34,933	-5,586	-8,108	35	36.0
I_50_20_S_1-49_8	37		37	40,3333	9,00901	0	41	41		32	38,6	4,32432	-13,5135	40	41		34	39,2333	6,03604	-8,10811	40,5	41		32.0	34,133	-7,748	-13,514	34	39.0		32.0	33,6	-9,189	-13,514	34	35.0		32.0	33,4	-9,73	-13,514	34	35.0
I_50_20_S_1-49_9	42		39	42,4667	1,11111	-7,14286	42	47		37	41	-2,38095	-11,9048	41	47		39	41,3333	-1,5873	-7,14286	41	45		38.0	40,7	-3,095	-9,524	41,5	43.0		36.0	38,667	-7,937	-14,286	39	41.0		36.0	39,2	-6,667	-14,286	39	42.0
I_50_20_S_1-9_1	31		32	33,1667	6,98925	3,22581	33	37		32	33,2	7,09677	3,22581	33	36		33	33	6,45161	6,45161	33	33		31.0	32,733	5,591	0	33	34.0		30.0	31,567	1,828	-3,226	32	33.0		30.0	31,7	2,258	-3,226	32	33.0
I_50_20_S_1-9_10	26		26	28,3	8,84615	0	27	35		26	27	3,84615	0	27	31		26	27,3	5	0	26,5	35		26.0	27,1	4,231	0	27	30.0		26.0	26,267	1,026	0	26	27.0		26.0	26,433	1,667	0	26	29.0
I_50_20_S_1-9_2	26		25	25,7333	-1,02564	-3,84615	26	26		24	25,7	-1,15385	-7,69231	26	26		24	25,6667	-1,28205	-7,69231	26	26		26.0	26,033	0,128	0	26	27.0		24.0	25,767	-0,897	-7,692	26	26.0		25.0	25,7	-1,154	-3,846	26	26.0
I_50_20_S_1-9_3	27		27	27,9667	3,58025	0	27	33		27	27,1	0,37037	0	27	30		27	27,2	0,740741	0	27	30		27.0	27	0	0	27	27.0		27.0	27	0	0	27	27.0		27.0	27	0	0	27	27.0
I_50_20_S_1-9_4	23		23	23,9	3,91304	0	24	25		23	23,8	3,47826	0	24	25		23	23,4	1,73913	0	23	24		23.0	23,067	0,29	0	23	24.0		23.0	23	0	0	23	23.0		23.0	23	0	0	23	23.0
I_50_20_S_1-9_5	24		26	32,7667	36,5278	8,33333	35	35		25	32,3333	34,7222	4,16667	35	35		26	33,3	38,75	8,33333	35	35		26.0	28,1	17,083	8,333	29	29.0		26.0	27,9	16,25	8,333	28	29.0		23.0	27	12,5	-4,167	28	29.0
I_50_20_S_1-9_6	26		26	27,0667	4,10256	0	27	28		24	26,9	3,46154	-7,69231	27	29		25	26,9	3,46154	-3,84615	27	28		26.0	27,067	4,103	0	27	28.0		25.0	26,6	2,308	-3,846	27	28.0		25.0	26,4	1,538	-3,846	27	27.0
I_50_20_S_1-9_7	25		25	25,4333	1,73333	0	25	31		24	25,2333	0,933333	-4	25	27		25	25,2667	1,06667	0	25	27		24.0	25,3	1,2	-4	25	27.0		23.0	25,167	0,667	-8	25	26.0		24.0	25,067	0,267	-4	25	26.0
I_50_20_S_1-9_8	24		24	24,1667	0,694444	0	24	25		24	24,1333	0,555556	0	24	25		24	24,1	0,416667	0	24	25		24.0	24	0	0	24	24.0		24.0	24	0	0	24	24.0		24.0	24	0	0	24	24.0
I_50_20_S_1-9_9	27		27	28,9	7,03704	0	29	29		26	28,8	6,66667	-3,7037	29	29		26	28,5333	5,67901	-3,7037	29	29		26.0	28,1	4,074	-3,704	29	29.0		26.0	27,3	1,111	-3,704	27	29.0		25.0	26,667	-1,235	-7,407	26	29.0
I_50_20_S_1-99_1	49		43	48,9	-0,204082	-12,2449	48,5	57		42	46	-6,12245	-14,2857	46	50		41	45,1	-7,95918	-16,3265	45	50		41.0	44,567	-9,048	-16,327	45	47.0		42.0	44,6	-8,98	-14,286	45	48.0		41.0	43,6	-11,02	-16,327	44	46.0
I_50_20_S_1-99_10	47		47	51,9	10,4255	0	52	63		44	49	4,25532	-6,38298	49	56		46	48,8	3,82979	-2,12766	48	59		43.0	46,867	-0,284	-8,511	47	53.0		43.0	46,133	-1,844	-8,511	47	48.0		43.0	46,2	-1,702	-8,511	47	48.0
I_50_20_S_1-99_2	49		49	52,0333	6,19048	0	51	60		45	49,0333	0,0680272	-8,16327	49	57		45	49,5	1,02041	-8,16327	49	57		46.0	48	-2,041	-6,122	48	51.0		46.0	47,233	-3,605	-6,122	48	49.0		46.0	46,433	-5,238	-6,122	46	48.0
I_50_20_S_1-99_3	48		44	49,6333	3,40278	-8,33333	50	59		44	48,2667	0,555556	-8,33333	49	57		43	47,2667	-1,52778	-10,4167	46,5	57		41.0	44,033	-8,264	-14,583	44	48.0		41.0	43,367	-9,653	-14,583	44	48.0		41.0	43,133	-10,139	-14,583	44	46.0
I_50_20_S_1-99_4	53		47	53,8667	1,63522	-11,3208	53	62		45	50,8	-4,15094	-15,0943	51	59		45	51,4667	-2,89308	-15,0943	51,5	62		45.0	50,633	-4,465	-15,094	51	55.0		47.0	49,333	-6,918	-11,321	49	52.0		47.0	49,067	-7,421	-11,321	49	53.0
I_50_20_S_1-99_5	49		43	48,8	-0,408163	-12,2449	48	55		43	46,7333	-4,62585	-12,2449	46	55		42	46,7333	-4,62585	-14,2857	46	56		42.0	44,667	-8,844	-14,286	44	48.0		43.0	44	-10,204	-12,245	44	47.0		42.0	43,833	-10,544	-14,286	44	47.0
I_50_20_S_1-99_6	42		38	42,8	1,90476	-9,52381	43,5	47		38	40,6333	-3,25397	-9,52381	39,5	48		38	40,2667	-4,12698	-9,52381	39	44		37.0	39,567	-5,794	-11,905	39	44.0		37.0	39,033	-7,063	-11,905	39	42.0		38.0	38,6	-8,095	-9,524	39	39.0
I_50_20_S_1-99_7	47		48	49,2667	4,8227	2,12766	48,5	57		45	48,3333	2,83688	-4,25532	48	51		42	48,0333	2,19858	-10,6383	48	59		41.0	43,067	-8,369	-12,766	43	48.0		41.0	41,933	-10,78	-12,766	42	45.0		41.0	41,633	-11,418	-12,766	41	45.0
I_50_20_S_1-99_8	44		43	47,5667	8,10606	-2,27273	48	58		40	45,3667	3,10606	-9,09091	44	53		41	44,4333	0,984848	-6,81818	44	54		39.0	42,433	-3,561	-11,364	43	46.0		39.0	41,167	-6,439	-11,364	41	43.0		38.0	41,033	-6,742	-13,636	41	43.0
I_50_20_S_1-99_9	46		43	47,4	3,04348	-6,52174	48	52		43	46,2667	0,57971	-6,52174	46	49		43	47,3333	2,89855	-6,52174	46,5	54		43.0	45,433	-1,232	-6,522	46	48.0		42.0	44,433	-3,406	-8,696	45	46.0		40.0	44,067	-4,203	-13,043	45	46.0
I_100_10_S_1-124_1	221		221	236,967	7,22474	0	238	250		220	234,733	6,21418	-0,452489	233,5	250		216	226,4	2,44344	-2,26244	224,5	245		222.0	236,4	6,968	0,452	238	245.0		220.0	229,367	3,786	-0,452	229	242.0		213.0	224,3	1,493	-3,62	225	233.0
I_100_10_S_1-124_10	239		228	238,333	-0,27894	-4,60251	238,5	247		222	233,667	-2,23152	-7,11297	234	247		219	230,267	-3,65411	-8,3682	229,5	242		230.0	241,967	1,241	-3,766	243	253.0		218.0	234,7	-1,799	-8,787	236	245.0		222.0	233,1	-2,469	-7,113	233,5	241.0
I_100_10_S_1-124_2	210		209	225,267	7,26984	-0,47619	227	236		204	220,233	4,87302	-2,85714	220,5	232		202	216,5	3,09524	-3,80952	217	233		218.0	227,1	8,143	3,81	228	237.0		209.0	219,667	4,603	-0,476	219	228.0		210.0	217,3	3,476	0	216,5	233.0
I_100_10_S_1-124_3	193		201	212,367	10,0345	4,14508	213,5	226		195	207,967	7,75475	1,03627	208	224		196	205,967	6,71848	1,5544	205,5	218		205.0	216,4	12,124	6,218	216	231.0		201.0	208,833	8,204	4,145	209	220.0		199.0	206,233	6,857	3,109	207,5	216.0
I_100_10_S_1-124_4	235		243	256	8,93617	3,40426	256	273		236	249,4	6,12766	0,425532	249	269		232	243,633	3,67376	-1,2766	244	257		233.0	248,833	5,887	-0,851	248	263.0		231.0	242,4	3,149	-1,702	243	259.0		226.0	239,967	2,113	-3,83	241,5	251.0
I_100_10_S_1-124_5	235		237	248,433	5,71631	0,851064	248	263		227	240,7	2,42553	-3,40426	240	267		225	234,933	-0,0283688	-4,25532	235	250		229.0	246,267	4,794	-2,553	246	256.0		229.0	237,5	1,064	-2,553	237,5	247.0		223.0	233,433	-0,667	-5,106	234,5	242.0
I_100_10_S_1-124_6	202		202	215,8	6,83168	0	216	228		197	209,233	3,58086	-2,47525	210	223		192	206	1,9802	-4,9505	206,5	221		206.0	215,8	6,832	1,98	216	229.0		198.0	209,067	3,498	-1,98	209	222.0		193.0	207,133	2,541	-4,455	208	218.0
I_100_10_S_1-124_7	219		221	237,533	8,46271	0,913242	238	250		219	230,333	5,17504	0	230,5	246		218	229,233	4,67275	-0,456621	230	246		220.0	233,9	6,804	0,457	235	247.0		217.0	227,5	3,881	-0,913	228	237.0		212.0	222,167	1,446	-3,196	222	232.0
I_100_10_S_1-124_8	220		225	239,8	9	2,27273	242	253		221	232,6	5,72727	0,454545	233	247		214	231,133	5,06061	-2,72727	230,5	243		218.0	236,833	7,652	-0,909	237	248.0		220.0	230,567	4,803	0	232	238.0		209.0	222,767	1,258	-5	224	235.0
I_100_10_S_1-124_9	236		232	244,267	3,50282	-1,69492	245,5	256		218	234	-0,847458	-7,62712	234	250		221	233,233	-1,17232	-6,35593	233,5	245		223.0	237,067	0,452	-5,508	237,5	249.0		218.0	230,233	-2,444	-7,627	231	240.0		212.0	226,567	-3,997	-10,169	226	238.0
I_100_10_S_1-49_1	159		163	171,8	8,05031	2,51572	172	181		161	169,433	6,56184	1,25786	169,5	177		161	168,7	6,10063	1,25786	169,5	175		166.0	172,133	8,26	4,403	172,5	178.0		165.0	168,8	6,164	3,774	169	173.0		160.0	166,267	4,57	0,629	166	171.0
I_100_10_S_1-49_10	157		158	167,933	6,96391	0,636943	169	175		156	164,567	4,81953	-0,636943	165	170		157	164,7	4,90446	0	166	170		158.0	164,4	4,713	0,637	164,5	169.0		156.0	162,267	3,355	-0,637	163	166.0		154.0	160,2	2,038	-1,911	161	166.0
I_100_10_S_1-49_2	142		147	154,233	8,61502	3,52113	155	164		145	152,367	7,30047	2,11268	153	159		146	150,533	6,00939	2,8169	150,5	154		148.0	154,767	8,991	4,225	155	159.0		144.0	150,433	5,939	1,408	151	156.0		142.0	149,467	5,258	0	150	157.0
I_100_10_S_1-49_3	166		169	175,9	5,96386	1,80723	176	183		165	172,767	4,07631	-0,60241	173	181		163	171,367	3,23293	-1,80723	172	177		171.0	176,333	6,225	3,012	177	187.0		166.0	172,067	3,655	0	173	178.0		165.0	171,1	3,072	-0,602	171	178.0
I_100_10_S_1-49_4	163		164	171,6	5,27607	0,613497	172	180		159	169,233	3,82413	-2,45399	170	181		160	167	2,45399	-1,84049	167,5	176		163.0	168,633	3,456	0	169	174.0		160.0	166,167	1,943	-1,84	168	172.0		158.0	163,833	0,511	-3,067	164	168.0
I_100_10_S_1-49_5	168		167	176,067	4,80159	-0,595238	176	185		161	173,633	3,35317	-4,16667	175	184		163	171,733	2,22222	-2,97619	172	181		166.0	173,767	3,433	-1,19	174	181.0		166.0	172	2,381	-1,19	172,5	177.0		164.0	169,567	0,933	-2,381	170,5	175.0
I_100_10_S_1-49_6	151		155	161,3	6,82119	2,64901	162	168		152	158,933	5,25386	0,662252	159	167		152	158,1	4,70199	0,662252	158	164		159.0	163,667	8,389	5,298	163,5	170.0		152.0	158,3	4,834	0,662	158,5	163.0		153.0	158,367	4,879	1,325	158,5	165.0
I_100_10_S_1-49_7	167		167	171,867	2,91417	0	172,5	180		161	170,2	1,91617	-3,59281	171	177		159	167,2	0,11976	-4,79042	167	174		164.0	169,767	1,657	-1,796	171	174.0		162.0	166,933	-0,04	-2,994	167	172.0		161.0	165,867	-0,679	-3,593	165,5	172.0
I_100_10_S_1-49_8	171		167	179,233	4,81481	-2,33918	180	186		169	175,8	2,80702	-1,16959	176	183		167	174,933	2,30019	-2,33918	175	182		168.0	175,5	2,632	-1,754	176	183.0		163.0	172,233	0,721	-4,678	173	176.0		166.0	170,333	-0,39	-2,924	170,5	176.0
I_100_10_S_1-49_9	181		172	185,233	2,33886	-4,97238	184,5	195		177	181,633	0,349908	-2,20994	182	188		171	179,5	-0,828729	-5,52486	181	185		176.0	185,167	2,302	-2,762	185	196.0		175.0	181,233	0,129	-3,315	182	189.0		173.0	179,633	-0,755	-4,42	180,5	188.0
I_100_10_S_1-9_1	131		121	124	-5,34351	-7,63359	125	126		120	122,433	-6,53944	-8,39695	122	126		118	121,433	-7,3028	-9,92366	121	126		121.0	125,733	-4,02	-7,634	126	132.0		120.0	124,067	-5,293	-8,397	124	129.0		120.0	124,333	-5,089	-8,397	124	134.0
I_100_10_S_1-9_10	122		120	122,4	0,327869	-1,63934	122	124		118	121,3	-0,57377	-3,27869	122	124		119	121,267	-0,601093	-2,45902	121	124		120.0	123,467	1,202	-1,639	124	126.0		119.0	122,2	0,164	-2,459	123	125.0		119.0	121,6	-0,328	-2,459	122	125.0
I_100_10_S_1-9_2	126		121	125,8	-0,15873	-3,96825	127	130		120	124,533	-1,16402	-4,7619	125	128		121	124,5	-1,19048	-3,96825	125	128		120.0	124,633	-1,085	-4,762	124	128.0		120.0	122,2	-3,016	-4,762	122	126.0		120.0	121,933	-3,228	-4,762	122	124.0
I_100_10_S_1-9_3	112		108	111,667	-0,297619	-3,57143	112	115		108	111,333	-0,595238	-3,57143	112	114		106	110,833	-1,04167	-5,35714	111,5	114		107.0	111,033	-0,863	-4,464	111,5	115.0		107.0	109,433	-2,292	-4,464	110	111.0		107.0	109	-2,679	-4,464	109	112.0
I_100_10_S_1-9_4	123		123	125,433	1,97832	0	126	127		122	124,1	0,894309	-0,813008	124	127		121	123,8	0,650407	-1,62602	124	127		121.0	124,267	1,03	-1,626	124	128.0		119.0	123,433	0,352	-3,252	123	127.0		121.0	122,7	-0,244	-1,626	123	125.0
I_100_10_S_1-9_5	121		116	120,667	-0,275482	-4,13223	121	125		115	118,1	-2,39669	-4,95868	118	120		114	118,433	-2,12121	-5,78512	119	123		113.0	119,633	-1,129	-6,612	120	124.0		115.0	118,4	-2,149	-4,959	119	121.0		113.0	116,867	-3,416	-6,612	117	120.0
I_100_10_S_1-9_6	117		115	118,767	1,50997	-1,7094	118,5	123		114	117,133	0,11396	-2,5641	117,5	120		114	117	0	-2,5641	117,5	121		114.0	117,233	0,199	-2,564	117	120.0		113.0	115,6	-1,197	-3,419	116	118.0		114.0	115,867	-0,969	-2,564	116	119.0
I_100_10_S_1-9_7	121		120	122,233	1,01928	-0,826446	122	126		120	121,6	0,495868	-0,826446	121	126		118	121,367	0,30303	-2,47934	121	125		120.0	122,667	1,377	-0,826	123	125.0		120.0	121,7	0,579	-0,826	122	124.0		118.0	120,867	-0,11	-2,479	121	124.0
I_100_10_S_1-9_8	123		125	128,367	4,36314	1,62602	129	132		122	126,033	2,46612	-0,813008	126,5	131		122	125,533	2,05962	-0,813008	125	131		123.0	125,733	2,222	0	126	131.0		122.0	124,1	0,894	-0,813	124	127.0		121.0	123,633	0,515	-1,626	124	126.0
I_100_10_S_1-9_9	141		133	138,533	-1,74941	-5,67376	139	142		131	136,167	-3,4279	-7,0922	137	142		131	134,6	-4,53901	-7,0922	135	139		135.0	138,667	-1,655	-4,255	138	143.0		132.0	136,1	-3,475	-6,383	137	141.0		132.0	135,333	-4,019	-6,383	135,5	139.0
I_100_10_S_1-99_1	212		220	228,467	7,7673	3,77358	229	242		213	222	4,71698	0,471698	222,5	229		215	221,633	4,54403	1,41509	220,5	230		221.0	228,567	7,814	4,245	228,5	237.0		214.0	222,9	5,142	0,943	223	232.0		213.0	219,667	3,616	0,472	220	227.0
I_100_10_S_1-99_10	178		184	191,8	7,75281	3,37079	192	200		177	185,8	4,38202	-0,561798	186	196		176	185,933	4,45693	-1,1236	187	198		178.0	191,033	7,322	0	191,5	200.0		179.0	188,033	5,637	0,562	188,5	196.0		178.0	185,067	3,97	0	184,5	196.0
I_100_10_S_1-99_2	210		206	222,633	6,01587	-1,90476	223,5	234		209	219,267	4,4127	-0,47619	221	231		204	214,867	2,31746	-2,85714	215,5	236		209.0	222,467	5,937	-0,476	222	237.0		207.0	214,533	2,159	-1,429	214	227.0		198.0	212,967	1,413	-5,714	213,5	221.0
I_100_10_S_1-99_3	190		203	213,333	12,2807	6,84211	213	226		195	207,4	9,15789	2,63158	208,5	223		188	204,867	7,82456	-1,05263	204,5	220		198.0	208,067	9,509	4,211	207,5	220.0		193.0	202,867	6,772	1,579	203	212.0		192.0	200,4	5,474	1,053	200,5	211.0
I_100_10_S_1-99_4	194		200	209,7	8,09278	3,09278	210	218		196	204,633	5,4811	1,03093	204,5	216		196	204,333	5,32646	1,03093	206	212		202.0	212,333	9,45	4,124	212,5	220.0		194.0	204,367	5,344	0	205	212.0		195.0	204,467	5,395	0,515	205,5	213.0
I_100_10_S_1-99_5	189		192	202,267	7,0194	1,5873	201,5	212		187	196,633	4,0388	-1,0582	197,5	211		186	195,3	3,33333	-1,5873	196	208		192.0	202,333	7,055	1,587	205	210.0		189.0	196,633	4,039	0	197	209.0		180.0	193,767	2,522	-4,762	194	201.0
I_100_10_S_1-99_6	215		218	228,7	6,37209	1,39535	228	246		214	224,333	4,34109	-0,465116	225	232		210	222,233	3,36434	-2,32558	222,5	234		213.0	227,833	5,969	-0,93	229	238.0		213.0	222,633	3,55	-0,93	223	235.0		208.0	220,2	2,419	-3,256	221,5	232.0
I_100_10_S_1-99_7	184		188	200,533	8,98551	2,17391	201	216		182	194,5	5,70652	-1,08696	195	207		177	191,1	3,8587	-3,80435	192	202		185.0	197,4	7,283	0,543	198,5	207.0		182.0	191,267	3,949	-1,087	191	202.0		183.0	188,233	2,301	-0,543	187	197.0
I_100_10_S_1-99_8	204		205	214,667	5,22876	0,490196	215	227		199	208,1	2,0098	-2,45098	207,5	218		196	208,5	2,20588	-3,92157	209	218		203.0	212,833	4,33	-0,49	214	222.0		198.0	205,833	0,899	-2,941	205,5	213.0		193.0	204,133	0,065	-5,392	205	212.0
I_100_10_S_1-99_9	191		196	207,167	8,46422	2,6178	207,5	225		187	200,133	4,78185	-2,09424	200	217		187	195,933	2,5829	-2,09424	195,5	208		192.0	201,167	5,323	0,524	201	212.0		185.0	194,4	1,78	-3,141	195	201.0		181.0	191,633	0,332	-5,236	191,5	203.0
I_100_15_S_1-124_1	141		130	138,867	-1,513	-7,80142	139	147		131	137,733	-2,31678	-7,0922	137	146		128	135	-4,25532	-9,21986	136	143		130.0	145,567	3,239	-7,801	146	155.0		133.0	141,367	0,26	-5,674	142,5	148.0		129.0	137,933	-2,175	-8,511	139	145.0
I_100_15_S_1-124_10	146		135	142,133	-2,6484	-7,53425	142	153		127	137	-6,16438	-13,0137	137,5	148		124	136	-6,84932	-15,0685	137	142		135.0	143,2	-1,918	-7,534	144	158.0		131.0	139,1	-4,726	-10,274	139,5	150.0		131.0	136,8	-6,301	-10,274	136,5	147.0
I_100_15_S_1-124_2	123		126	135,433	10,1084	2,43902	136	145		122	128,833	4,74255	-0,813008	129	139		125	130,9	6,42276	1,62602	131,5	141		128.0	137,7	11,951	4,065	138	145.0		120.0	130,967	6,477	-2,439	131	139.0		120.0	128,367	4,363	-2,439	128	139.0
I_100_15_S_1-124_3	136		133	142,033	4,43627	-2,20588	143	151		132	139,067	2,2549	-2,94118	138,5	148		127	137,433	1,05392	-6,61765	137,5	146		131.0	141,733	4,216	-3,676	142	150.0		127.0	136,467	0,343	-6,618	137,5	144.0		123.0	132,867	-2,304	-9,559	133	143.0
I_100_15_S_1-124_4	139		131	139,567	0,407674	-5,7554	140	148		127	136,667	-1,67866	-8,63309	137	143		126	133,333	-4,07674	-9,35252	133	143		128.0	139,467	0,336	-7,914	140	152.0		126.0	135,6	-2,446	-9,353	135,5	150.0		121.0	132,967	-4,341	-12,95	133,5	142.0
I_100_15_S_1-124_5	138		131	139,467	1,0628	-5,07246	141,5	146		129	135,6	-1,73913	-6,52174	136	141		125	133,433	-3,30918	-9,42029	134,5	140		133.0	140,5	1,812	-3,623	141	148.0		127.0	135,267	-1,981	-7,971	135	141.0		129.0	134,467	-2,56	-6,522	135	143.0
I_100_15_S_1-124_6	130		122	132,033	1,5641	-6,15385	132,5	141		119	129,567	-0,333333	-8,46154	131	139		119	127,433	-1,97436	-8,46154	128	134		126.0	132,4	1,846	-3,077	132	141.0		124.0	130,167	0,128	-4,615	131	141.0		118.0	126,333	-2,821	-9,231	127	134.0
I_100_15_S_1-124_7	143		137	143,367	0,25641	-4,1958	143	154		132	141,067	-1,35198	-7,69231	142	150		132	138,5	-3,14685	-7,69231	138,5	149		135.0	144,7	1,189	-5,594	145	151.0		130.0	138,933	-2,844	-9,091	140	147.0		130.0	137,567	-3,8	-9,091	138	144.0
I_100_15_S_1-124_8	134		130	140	4,47761	-2,98507	140	154		120	134,3	0,223881	-10,4478	134,5	143		128	134,433	0,323383	-4,47761	135,5	142		130.0	142,3	6,194	-2,985	142	152.0		127.0	136,967	2,214	-5,224	137	146.0		123.0	133,033	-0,721	-8,209	134	142.0
I_100_15_S_1-124_9	134		127	135,633	1,21891	-5,22388	136	147		124	130,9	-2,31343	-7,46269	131,5	140		121	130,433	-2,66169	-9,70149	130	141		123.0	136,5	1,866	-8,209	137,5	146.0		125.0	133,1	-0,672	-6,716	134	139.0		124.0	130,367	-2,711	-7,463	131	136.0
I_100_15_S_1-49_1	97		94	99,7	2,78351	-3,09278	100	106		94	98,5667	1,61512	-3,09278	98,5	105		94	97,4	0,412371	-3,09278	98	100		96.0	99,633	2,715	-1,031	100	106.0		94.0	97,7	0,722	-3,093	98	103.0		94.0	96,333	-0,687	-3,093	96	103.0
I_100_15_S_1-49_10	95		91	98,1667	3,33333	-4,21053	99	103		92	95,1333	0,140351	-3,15789	95,5	101		90	94,1333	-0,912281	-5,26316	94	100		90.0	96,6	1,684	-5,263	97	101.0		88.0	93,667	-1,404	-7,368	94	102.0		89.0	93,633	-1,439	-6,316	94	97.0
I_100_15_S_1-49_2	94		91	95,0667	1,13475	-3,19149	95	100		88	93,0667	-0,992908	-6,38298	93	99		87	92,1	-2,02128	-7,44681	92	96		89.0	94,767	0,816	-5,319	95	100.0		87.0	93,133	-0,922	-7,447	93	97.0		87.0	91,1	-3,085	-7,447	92	94.0
I_100_15_S_1-49_3	100		96	101,133	1,13333	-4	101	105		94	99,0667	-0,933333	-6	100	102		94	97,9333	-2,06667	-6	98	104		98.0	102	2	-2	102,5	107.0		94.0	99,233	-0,767	-6	99	105.0		92.0	98,4	-1,6	-8	98,5	103.0
I_100_15_S_1-49_4	88		85	91,0333	3,44697	-3,40909	91	100		82	88,3333	0,378788	-6,81818	89	93		83	88,5	0,568182	-5,68182	88	97		83.0	89,8	2,045	-5,682	90	96.0		82.0	86,533	-1,667	-6,818	87	90.0		81.0	85,767	-2,538	-7,955	87	88.0
I_100_15_S_1-49_5	91		88	93,0333	2,23443	-3,2967	93	100		87	91,4333	0,47619	-4,3956	92	96		86	90,5333	-0,512821	-5,49451	91	98		89.0	93,267	2,491	-2,198	93,5	98.0		87.0	91,067	0,073	-4,396	91	97.0		85.0	90,233	-0,842	-6,593	90	95.0
I_100_15_S_1-49_6	100		97	101,467	1,46667	-3	102	106		92	99,7	-0,3	-8	100	106		93	98,2667	-1,73333	-7	99	104		97.0	102,933	2,933	-3	103	109.0		94.0	99,833	-0,167	-6	100	106.0		95.0	99,6	-0,4	-5	100	105.0
I_100_15_S_1-49_7	106		105	109,933	3,71069	-0,943396	110	116		102	108,333	2,20126	-3,77358	109	116		103	107,967	1,85535	-2,83019	108	114		102.0	108,5	2,358	-3,774	109	113.0		103.0	106,4	0,377	-2,83	106,5	111.0		100.0	105,8	-0,189	-5,66	106,5	110.0
I_100_15_S_1-49_8	98		95	100,333	2,38095	-3,06122	100,5	105		92	98,5667	0,578231	-6,12245	99	105		94	98,4	0,408163	-4,08163	98	105		99.0	102,967	5,068	1,02	103	111.0		96.0	99,167	1,19	-2,041	99,5	103.0		96.0	99,5	1,531	-2,041	100	103.0
I_100_15_S_1-49_9	96		93	99,0667	3,19444	-3,125	99,5	103		92	96,7	0,729167	-4,16667	97	101		92	96,9667	1,00694	-4,16667	97	103		92.0	99,233	3,368	-4,167	99,5	105.0		92.0	97,1	1,146	-4,167	97	100.0		90.0	96,4	0,417	-6,25	97	101.0
I_100_15_S_1-9_1	68		64	69,2667	1,86275	-5,88235	70	73		64	68,2667	0,392157	-5,88235	68	72		64	67,1667	-1,22549	-5,88235	67	71		65.0	67,367	-0,931	-4,412	67	70.0		65.0	66,867	-1,667	-4,412	67	70.0		64.0	66,3	-2,5	-5,882	66	69.0
I_100_15_S_1-9_10	68		62	65,8667	-3,13725	-8,82353	67	72		61	65,2	-4,11765	-10,2941	66,5	68		62	64,3667	-5,34314	-8,82353	64	68		63.0	66,333	-2,451	-7,353	67	71.0		62.0	64,4	-5,294	-8,824	64	67.0		62.0	63,867	-6,078	-8,824	64	67.0
I_100_15_S_1-9_2	70		64	68,7	-1,85714	-8,57143	68	74		64	66,7333	-4,66667	-8,57143	66	71		65	66,4333	-5,09524	-7,14286	66	72		65.0	69,567	-0,619	-7,143	69,5	75.0		65.0	67,667	-3,333	-7,143	68	70.0		65.0	66,867	-4,476	-7,143	66,5	72.0
I_100_15_S_1-9_3	69		67	69,9	1,30435	-2,89855	69,5	73		65	69,2	0,289855	-5,7971	69	74		65	68,9	-0,144928	-5,7971	69	73		65.0	68,4	-0,87	-5,797	68	71.0		65.0	67,7	-1,884	-5,797	68	69.0		64.0	67,667	-1,932	-7,246	68	69.0
I_100_15_S_1-9_4	80		73	76,6333	-4,20833	-8,75	76	81		73	75,5667	-5,54167	-8,75	76	80		73	75,1333	-6,08333	-8,75	76	77		73.0	78,667	-1,667	-8,75	79	81.0		73.0	76,467	-4,417	-8,75	76,5	82.0		74.0	76,1	-4,875	-7,5	76	78.0
I_100_15_S_1-9_5	72		68	71,4667	-0,740741	-5,55556	71	76		67	70,9333	-1,48148	-6,94444	70,5	77		68	70,6	-1,94444	-5,55556	71	75		69.0	71,667	-0,463	-4,167	72	75.0		67.0	70,4	-2,222	-6,944	70,5	73.0		68.0	70,1	-2,639	-5,556	70	72.0
I_100_15_S_1-9_6	76		73	75,5	-0,657895	-3,94737	76	81		71	74,1	-2,5	-6,57895	73	77		71	73,8333	-2,85088	-6,57895	73	77		72.0	75,333	-0,877	-5,263	75	79.0		72.0	74,367	-2,149	-5,263	75	77.0		72.0	73,633	-3,114	-5,263	73	76.0
I_100_15_S_1-9_7	67		63	67,8333	1,24378	-5,97015	67	74		65	67,0333	0,0497512	-2,98507	66	71		63	67,1333	0,199005	-5,97015	67	72		63.0	67,8	1,194	-5,97	68	72.0		62.0	65,967	-1,542	-7,463	66	70.0		62.0	66,367	-0,945	-7,463	67	70.0
I_100_15_S_1-9_8	69		67	70,5667	2,27053	-2,89855	70	73		67	70,0667	1,54589	-2,89855	70	73		67	69,5	0,724638	-2,89855	70	72		65.0	69,533	0,773	-5,797	70	73.0		65.0	67,867	-1,643	-5,797	68	71.0		65.0	67,833	-1,691	-5,797	68	71.0
I_100_15_S_1-9_9	65		65	68,5667	5,48718	0	68,5	71		64	67,6667	4,10256	-1,53846	68	70		62	66,9667	3,02564	-4,61538	68	70		62.0	65,633	0,974	-4,615	66	69.0		62.0	64,133	-1,333	-4,615	64	68.0		62.0	63,633	-2,103	-4,615	64	65.0
I_100_15_S_1-99_1	123		119	126,667	2,98103	-3,25203	126	138		115	122,233	-0,623306	-6,50407	123	130		112	120,267	-2,22222	-8,94309	120	129		115.0	125,633	2,141	-6,504	126	134.0		116.0	122,933	-0,054	-5,691	123,5	130.0		113.0	121,433	-1,274	-8,13	122	129.0
I_100_15_S_1-99_10	129		120	128,333	-0,516796	-6,97674	129	139		117	124,733	-3,30749	-9,30233	124,5	133		118	125,267	-2,89406	-8,52713	126,5	130		120.0	128,933	-0,052	-6,977	129	139.0		119.0	125,567	-2,661	-7,752	126	132.0		116.0	122,967	-4,677	-10,078	123	131.0
I_100_15_S_1-99_2	116		108	118,567	2,21264	-6,89655	120	126		109	117,4	1,2069	-6,03448	118	124		109	115,767	-0,201149	-6,03448	115,5	124		109.0	120,467	3,851	-6,034	121,5	128.0		107.0	114,8	-1,034	-7,759	116	122.0		110.0	115,3	-0,603	-5,172	115	122.0
I_100_15_S_1-99_3	118		121	129,533	9,77401	2,54237	131,5	139		114	125,433	6,29944	-3,38983	125	136		117	124,6	5,59322	-0,847458	125	134		120.0	128,933	9,266	1,695	128,5	137.0		118.0	124,1	5,169	0	124	133.0		116.0	122,967	4,209	-1,695	124	130.0
I_100_15_S_1-99_4	134		125	134,867	0,646766	-6,71642	135,5	141		120	129,433	-3,40796	-10,4478	130	140		123	129,567	-3,30846	-8,20896	130,5	136		125.0	134,033	0,025	-6,716	135	144.0		122.0	131,333	-1,99	-8,955	131,5	138.0		122.0	128,9	-3,806	-8,955	129	137.0
I_100_15_S_1-99_5	122		120	132	8,19672	-1,63934	132,5	141		121	130,1	6,63934	-0,819672	131	141		117	126,767	3,9071	-4,09836	127	137		126.0	133,567	9,481	3,279	134,5	141.0		118.0	130,367	6,858	-3,279	131	138.0		120.0	126,533	3,716	-1,639	127	135.0
I_100_15_S_1-99_6	115		108	115,833	0,724638	-6,08696	115	124		107	112,933	-1,7971	-6,95652	112,5	122		108	112,133	-2,49275	-6,08696	112	123		111.0	118,6	3,13	-3,478	119	126.0		109.0	114,967	-0,029	-5,217	115	121.0		105.0	113,233	-1,536	-8,696	113,5	122.0
I_100_15_S_1-99_7	128		123	129,767	1,38021	-3,90625	130	140		115	125,567	-1,90104	-10,1562	126	134		118	124,6	-2,65625	-7,8125	125	132		117.0	129,167	0,911	-8,594	130	137.0		118.0	125,567	-1,901	-7,812	126	133.0		116.0	124,967	-2,37	-9,375	126	130.0
I_100_15_S_1-99_8	122		113	121,1	-0,737705	-7,37705	122	129		113	118,7	-2,70492	-7,37705	118,5	129		109	115,9	-5	-10,6557	116	124		119.0	125,867	3,169	-2,459	126	135.0		108.0	120,4	-1,311	-11,475	121	129.0		114.0	119,3	-2,213	-6,557	119,5	131.0
I_100_15_S_1-99_9	126		121	128,267	1,79894	-3,96825	128,5	134		120	126,033	0,026455	-4,7619	125,5	132		116	123,167	-2,24868	-7,93651	123	130		118.0	130,433	3,519	-6,349	130	142.0		122.0	127,933	1,534	-3,175	128,5	136.0		118.0	125,733	-0,212	-6,349	127	133.0
I_100_20_S_1-124_1	100		93	101	1	-7	101	111		89	97,2333	-2,76667	-11	97	107		91	97,8333	-2,16667	-9	97,5	107		90.0	100,667	0,667	-10	101,5	107.0		91.0	96,6	-3,4	-9	97	101.0		86.0	94,6	-5,4	-14	95	101.0
I_100_20_S_1-124_10	98		86	92,5333	-5,57823	-12,2449	93	97		82	91,2	-6,93878	-16,3265	91	101		82	90,2333	-7,92517	-16,3265	89	101		85.0	93,9	-4,184	-13,265	94,5	101.0		80.0	90,233	-7,925	-18,367	91	97.0		83.0	89,3	-8,878	-15,306	89	94.0
I_100_20_S_1-124_2	93		79	87	-6,45161	-15,0538	87	97		79	86,1667	-7,34767	-15,0538	87	97		78	83,8333	-9,85663	-16,129	84	90		85.0	90,667	-2,509	-8,602	91	99.0		80.0	86,467	-7,025	-13,978	86	96.0		80.0	85,533	-8,029	-13,978	86	91.0
I_100_20_S_1-124_3	107		93	101,6	-5,04673	-13,0841	101	109		92	99,3333	-7,16511	-14,0187	99	109		91	96,8667	-9,4704	-14,9533	96	104		97.0	104,7	-2,15	-9,346	105	110.0		96.0	100,8	-5,794	-10,28	101	107.0		92.0	98,2	-8,224	-14,019	98	104.0
I_100_20_S_1-124_4	86		81	87,4667	1,70543	-5,81395	87	94		77	85,4333	-0,658915	-10,4651	86	92		76	82,3333	-4,26357	-11,6279	81,5	88		83.0	89,667	4,264	-3,488	90	96.0		81.0	86,067	0,078	-5,814	86	92.0		76.0	84,433	-1,822	-11,628	84,5	92.0
I_100_20_S_1-124_5	96		91	97,1667	1,21528	-5,20833	97,5	106		90	94,9333	-1,11111	-6,25	96	100		87	93,1333	-2,98611	-9,375	93	100		91.0	98,967	3,09	-5,208	100	107.0		90.0	95,7	-0,312	-6,25	96	102.0		85.0	93,733	-2,361	-11,458	93,5	103.0
I_100_20_S_1-124_6	97		86	93,4667	-3,64261	-11,3402	94	100		82	91,2	-5,97938	-15,4639	92	98		84	90,2	-7,01031	-13,4021	90	100		87.0	92,533	-4,605	-10,309	92,5	102.0		85.0	90,3	-6,907	-12,371	91	96.0		80.0	88,833	-8,419	-17,526	89,5	96.0
I_100_20_S_1-124_7	99		88	94,0333	-5,01684	-11,1111	95	103		85	91,2	-7,87879	-14,1414	92	96		83	91,3333	-7,74411	-16,1616	92	101		92.0	96,667	-2,357	-7,071	97	103.0		84.0	93,733	-5,32	-15,152	95	98.0		84.0	91,367	-7,71	-15,152	91	98.0
I_100_20_S_1-124_8	96		86	94,2	-1,875	-10,4167	94,5	101		84	92,8	-3,33333	-12,5	94	101		81	90,4	-5,83333	-15,625	90	101		89.0	95,133	-0,903	-7,292	95,5	102.0		83.0	90,567	-5,66	-13,542	91,5	96.0		85.0	89,1	-7,188	-11,458	89	94.0
I_100_20_S_1-124_9	95		87	95,1667	0,175439	-8,42105	96,5	106		83	93,2333	-1,85965	-12,6316	94	102		85	92,1333	-3,01754	-10,5263	92,5	97		91.0	95,633	0,667	-4,211	96	104.0		87.0	92,6	-2,526	-8,421	93	98.0		85.0	92	-3,158	-10,526	92	99.0
I_100_20_S_1-49_1	75		68	72,6333	-3,15556	-9,33333	73	78		65	71,7667	-4,31111	-13,3333	72,5	76		67	70,8333	-5,55556	-10,6667	70,5	76		68.0	71,467	-4,711	-9,333	71	76.0		65.0	69,733	-7,022	-13,333	70	72.0		66.0	69,533	-7,289	-12	70	72.0
I_100_20_S_1-49_10	69		63	66,2333	-4,00966	-8,69565	66	72		62	65,2	-5,50725	-10,1449	65,5	69		63	65,3	-5,36232	-8,69565	65	71		66.0	68,6	-0,58	-4,348	68,5	73.0		64.0	67,767	-1,787	-7,246	68	73.0		64.0	66,633	-3,43	-7,246	67	72.0
I_100_20_S_1-49_2	60		57	63,1	5,16667	-5	63	69		57	61,8667	3,11111	-5	62	67		57	60,7	1,16667	-5	60	66		57.0	61,867	3,111	-5	63	66.0		56.0	60,3	0,5	-6,667	61	63.0		54.0	58,5	-2,5	-10	58,5	62.0
I_100_20_S_1-49_3	64		61	65,9333	3,02083	-4,6875	65	74		59	64,2333	0,364583	-7,8125	64	73		59	63,1	-1,40625	-7,8125	63	70		62.0	65,067	1,667	-3,125	65	69.0		60.0	63,1	-1,406	-6,25	63	67.0		58.0	61,9	-3,281	-9,375	62	67.0
I_100_20_S_1-49_4	69		67	69,5333	0,772947	-2,89855	69	77		63	68,3333	-0,966184	-8,69565	69	74		62	68,2333	-1,11111	-10,1449	68	76		65.0	68,433	-0,821	-5,797	68,5	72.0		63.0	66,567	-3,527	-8,696	67	70.0		63.0	65,367	-5,266	-8,696	65,5	70.0
I_100_20_S_1-49_5	67		62	67,0333	0,0497512	-7,46269	66,5	74		59	65,8333	-1,74129	-11,9403	66	70		60	65,2667	-2,58706	-10,4478	66	69		63.0	65,433	-2,338	-5,97	66	70.0		62.0	64,467	-3,781	-7,463	64	69.0		61.0	63,9	-4,627	-8,955	64	67.0
I_100_20_S_1-49_6	63		61	65,8333	4,49735	-3,1746	66	70		58	63,7667	1,21693	-7,93651	64	68		57	62,4667	-0,846561	-9,52381	63	67		59.0	64,667	2,646	-6,349	65	71.0		59.0	62,967	-0,053	-6,349	63	66.0		58.0	61,633	-2,169	-7,937	61	65.0
I_100_20_S_1-49_7	72		65	70,0667	-2,68519	-9,72222	69	76		65	68,2667	-5,18519	-9,72222	68	74		64	66,9667	-6,99074	-11,1111	68	70		65.0	68,367	-5,046	-9,722	68	72.0		64.0	67,6	-6,111	-11,111	68	72.0		64.0	66,467	-7,685	-11,111	67	69.0
I_100_20_S_1-49_8	68		65	68,5667	0,833333	-4,41176	69	70		65	67,6333	-0,539216	-4,41176	68	70		65	67,1	-1,32353	-4,41176	67	70		65.0	69,967	2,892	-4,412	70	74.0		64.0	66,967	-1,52	-5,882	67	71.0		63.0	66,467	-2,255	-7,353	67	70.0
I_100_20_S_1-49_9	69		65	68,3333	-0,966184	-5,7971	67,5	77		65	66,9667	-2,94686	-5,7971	67	73		64	66,6	-3,47826	-7,24638	67	70		67.0	70,567	2,271	-2,899	71	75.0		64.0	68,333	-0,966	-7,246	68	71.0		64.0	67,5	-2,174	-7,246	68	72.0
I_100_20_S_1-9_1	46		44	47,1333	2,46377	-4,34783	47	56		44	47,1333	2,46377	-4,34783	47	55		43	46,4667	1,01449	-6,52174	46,5	51		44.0	46,533	1,159	-4,348	47	50.0		43.0	45,367	-1,377	-6,522	45	48.0		43.0	45,133	-1,884	-6,522	45	48.0
I_100_20_S_1-9_10	45		41	43,3667	-3,62963	-8,88889	43,5	45		41	43,8	-2,66667	-8,88889	44	48		39	42,9667	-4,51852	-13,3333	43	49		42.0	43,8	-2,667	-6,667	44	46.0		40.0	42,667	-5,185	-11,111	43	44.0		40.0	42,333	-5,926	-11,111	43	44.0
I_100_20_S_1-9_2	45		43	44,9667	-0,0740741	-4,44444	44	51		41	45,1	0,222222	-8,88889	44	51		41	43,9333	-2,37037	-8,88889	44	51		43.0	45,167	0,37	-4,444	45	48.0		42.0	44,033	-2,148	-6,667	44	46.0		42.0	44,033	-2,148	-6,667	44	46.0
I_100_20_S_1-9_3	50		47	51,7333	3,46667	-6	52,5	53		47	50,7	1,4	-6	51	53		47	49,5333	-0,933333	-6	49	51		46.0	49,867	-0,267	-8	51	54.0		47.0	49,633	-0,733	-6	50,5	52.0		46.0	48,033	-3,933	-8	48	51.0
I_100_20_S_1-9_4	52		52	53	1,92308	0	52	58		48	52,0667	0,128205	-7,69231	52	58		48	52,1667	0,320513	-7,69231	52	58		49.0	52,233	0,449	-5,769	52	55.0		48.0	51,667	-0,641	-7,692	52	53.0		48.0	51,633	-0,705	-7,692	52	53.0
I_100_20_S_1-9_5	48		45	48,0333	0,0694444	-6,25	48	51		44	47,2667	-1,52778	-8,33333	47	51		44	47,1	-1,875	-8,33333	47	50		46.0	48,633	1,319	-4,167	49	53.0		45.0	47,333	-1,389	-6,25	48	49.0		44.0	46,767	-2,569	-8,333	47	49.0
I_100_20_S_1-9_6	51		48	51,3333	0,653595	-5,88235	51	54		47	50,2333	-1,50327	-7,84314	51	54		48	49,8333	-2,28758	-5,88235	50	52		49.0	52,167	2,288	-3,922	53	55.0		49.0	50,5	-0,98	-3,922	51	53.0		47.0	50,233	-1,503	-7,843	50	53.0
I_100_20_S_1-9_7	47		46	49,0667	4,39716	-2,12766	49	55		45	47,3667	0,780142	-4,25532	47,5	50		45	47,4667	0,992908	-4,25532	48	50		46.0	48,867	3,972	-2,128	49	52.0		46.0	48	2,128	-2,128	48	51.0		46.0	47,667	1,418	-2,128	48	49.0
I_100_20_S_1-9_8	43		41	46,2	7,44186	-4,65116	47	47		43	45,9333	6,82171	0	47	47		41	44,8333	4,26357	-4,65116	44	50		41.0	44,267	2,946	-4,651	44,5	47.0		41.0	43,667	1,55	-4,651	43,5	47.0		41.0	42,567	-1,008	-4,651	43	45.0
I_100_20_S_1-9_9	43		42	45,8	6,51163	-2,32558	45	50		41	45,1667	5,03876	-4,65116	45	50		41	44,5333	3,56589	-4,65116	44,5	50		42.0	44,4	3,256	-2,326	45	48.0		42.0	43,733	1,705	-2,326	44	45.0		42.0	43,5	1,163	-2,326	43	46.0
I_100_20_S_1-99_1	82		74	84,7	3,29268	-9,7561	85	90		75	81,2333	-0,934959	-8,53659	81,5	89		75	79,8333	-2,64228	-8,53659	80	90		78.0	82,6	0,732	-4,878	82,5	89.0		76.0	79,933	-2,52	-7,317	81	84.0		74.0	78,967	-3,699	-9,756	78	83.0
I_100_20_S_1-99_10	88		81	86,3333	-1,89394	-7,95455	86	91		79	84,5667	-3,90152	-10,2273	85	91		78	82,4	-6,36364	-11,3636	82	90		83.0	89,267	1,439	-5,682	90	95.0		78.0	84,867	-3,561	-11,364	85,5	88.0		77.0	84,1	-4,432	-12,5	84,5	90.0
I_100_20_S_1-99_2	90		85	90,9667	1,07407	-5,55556	91	96		80	87,0667	-3,25926	-11,1111	88	95		79	86,0333	-4,40741	-12,2222	85,5	94		82.0	90,333	0,37	-8,889	91	96.0		81.0	86,033	-4,407	-10	86	94.0		80.0	84,767	-5,815	-11,111	84,5	90.0
I_100_20_S_1-99_3	77		81	86,3667	12,1645	5,19481	86,5	94		76	82,9	7,66234	-1,2987	83	90		73	83,6667	8,65801	-5,19481	84	88		77.0	86,767	12,684	0	87	92.0		76.0	83,267	8,139	-1,299	83,5	88.0		76.0	81,1	5,325	-1,299	81	88.0
I_100_20_S_1-99_4	90		85	91,5667	1,74074	-5,55556	91,5	98		79	89,4	-0,666667	-12,2222	89	99		81	88,3	-1,88889	-10	89	96		85.0	90,233	0,259	-5,556	90	96.0		82.0	86,933	-3,407	-8,889	86	94.0		77.0	85,4	-5,111	-14,444	86	90.0
I_100_20_S_1-99_5	89		83	91,0333	2,28464	-6,74157	90,5	100		82	88,0333	-1,08614	-7,86517	87,5	100		80	86,8333	-2,43446	-10,1124	87	93		84.0	90,467	1,648	-5,618	90,5	99.0		78.0	86,7	-2,584	-12,36	87,5	92.0		79.0	85,467	-3,97	-11,236	86	92.0
I_100_20_S_1-99_6	92		81	87,6	-4,78261	-11,9565	88	97		79	84,0667	-8,62319	-14,1304	84	89		78	82,8	-10	-15,2174	83	87		83.0	89,933	-2,246	-9,783	90	96.0		78.0	85,233	-7,355	-15,217	86	91.0		78.0	84,667	-7,971	-15,217	85	89.0
I_100_20_S_1-99_7	88		80	88,4	0,454545	-9,09091	88,5	99		80	86,4667	-1,74242	-9,09091	86	98		79	84,8	-3,63636	-10,2273	84,5	93		84.0	88,4	0,455	-4,545	89	93.0		80.0	86,833	-1,326	-9,091	87	94.0		77.0	83,967	-4,583	-12,5	85	89.0
I_100_20_S_1-99_8	84		78	83,1	-1,07143	-7,14286	83	91		73	80,9	-3,69048	-13,0952	81	86		75	79,7	-5,11905	-10,7143	80	87		79.0	86,033	2,421	-5,952	86	95.0		77.0	82,467	-1,825	-8,333	83,5	87.0		74.0	80,733	-3,889	-11,905	80,5	90.0
I_100_20_S_1-99_9	85		79	88,9667	4,66667	-7,05882	90	94		80	85,7333	0,862745	-5,88235	85,5	96		79	86,2667	1,4902	-7,05882	87	96		81.0	86,2	1,412	-4,706	86,5	92.0		79.0	84,033	-1,137	-7,059	84,5	87.0		77.0	81,767	-3,804	-9,412	82,5	87.0
I_150_10_S_1-124_1	332		322	336,533	1,36546	-3,01205	337	349		320	332,9	0,271084	-3,61446	334,5	347		310	324,933	-2,12851	-6,62651	326	334		319.0	339,633	2,299	-3,916	341	354.0		315.0	331,933	-0,02	-5,12	333	346.0		315.0	328,933	-0,924	-5,12	329	343.0
I_150_10_S_1-124_10	316		307	327,233	3,55485	-2,8481	327,5	350		307	320,833	1,52954	-2,8481	322	334		303	314,3	-0,537975	-4,11392	316	327		307.0	327,967	3,787	-2,848	328,5	348.0		304.0	321,3	1,677	-3,797	322	339.0		306.0	317,6	0,506	-3,165	319	326.0
I_150_10_S_1-124_2	319		313	331,733	3,99164	-1,88088	332	352		308	322,3	1,03448	-3,44828	322,5	335		305	318,267	-0,229885	-4,38871	318	337		324.0	335,067	5,037	1,567	334	357.0		314.0	328,233	2,894	-1,567	329,5	338.0		310.0	322,433	1,076	-2,821	324	334.0
I_150_10_S_1-124_3	324		322	338,433	4,45473	-0,617284	337,5	354		313	328,867	1,50206	-3,39506	330,5	344		314	327,367	1,03909	-3,08642	329	336		327.0	342,767	5,792	0,926	343,5	363.0		323.0	335,5	3,549	-0,309	336	348.0		315.0	329,433	1,677	-2,778	332,5	342.0
I_150_10_S_1-124_4	324		314	324,767	0,236626	-3,08642	323,5	340		306	319,2	-1,48148	-5,55556	320	337		300	318,733	-1,62551	-7,40741	320,5	334		320.0	334,367	3,2	-1,235	333	355.0		316.0	328,267	1,317	-2,469	328	342.0		311.0	325,967	0,607	-4,012	327,5	341.0
I_150_10_S_1-124_5	307		308	324,833	5,8089	0,325733	328	336		293	312,733	1,86754	-4,56026	313,5	338		294	313,033	1,96526	-4,23453	313	324		303.0	320,2	4,3	-1,303	321,5	340.0		297.0	313,2	2,02	-3,257	312	329.0		299.0	310,733	1,216	-2,606	310	323.0
I_150_10_S_1-124_6	304		319	337,967	11,1732	4,93421	338,5	352		316	330,167	8,60746	3,94737	330	343		301	323,167	6,30482	-0,986842	323,5	342		317.0	331,467	9,035	4,276	332	349.0		314.0	325,833	7,182	3,289	326,5	335.0		303.0	320,6	5,461	-0,329	321	337.0
I_150_10_S_1-124_7	308		312	328,267	6,58009	1,2987	327,5	344		310	321,267	4,30736	0,649351	321,5	333		302	318,033	3,25758	-1,94805	319,5	329		307.0	327,067	6,19	-0,325	328	339.0		302.0	320,167	3,95	-1,948	320	333.0		298.0	314,567	2,132	-3,247	316	327.0
I_150_10_S_1-124_8	342		324	343,933	0,565302	-5,26316	347	361		323	335,933	-1,77388	-5,55556	336	349		316	332,767	-2,69981	-7,60234	333,5	348		331.0	348,567	1,92	-3,216	348,5	363.0		324.0	337,867	-1,209	-5,263	339	350.0		318.0	336,233	-1,686	-7,018	338	349.0
I_150_10_S_1-124_9	330		331	346,733	5,07071	0,30303	349	366		326	339,467	2,86869	-1,21212	340,5	361		312	334	1,21212	-5,45455	333,5	352		333.0	348,6	5,636	0,909	348	368.0		323.0	338,267	2,505	-2,121	338,5	351.0		324.0	335,667	1,717	-1,818	336	351.0
I_150_10_S_1-49_1	238		232	241,167	1,33053	-2,52101	241	251		232	239,067	0,448179	-2,52101	240	249		229	237,433	-0,238095	-3,78151	237,5	248		233.0	246,2	3,445	-2,101	247	254.0		235.0	241,9	1,639	-1,261	242,5	248.0		232.0	238,4	0,168	-2,521	239	245.0
I_150_10_S_1-49_10	208		206	219,533	5,54487	-0,961538	220	227		203	214,233	2,99679	-2,40385	214	224		208	214,2	2,98077	0	214	220		213.0	219,267	5,417	2,404	219	228.0		209.0	215,367	3,542	0,481	216	222.0		205.0	213	2,404	-1,442	213	219.0
I_150_10_S_1-49_2	246		247	259,7	5,56911	0,406504	260	268		246	255,833	3,99729	0	257	263		244	254,533	3,46883	-0,813008	254	263		252.0	258,333	5,014	2,439	259	264.0		241.0	253,633	3,103	-2,033	255	260.0		248.0	253,733	3,144	0,813	253,5	261.0
I_150_10_S_1-49_3	229		234	241,633	5,51674	2,18341	241,5	250		231	238,067	3,95924	0,873362	237,5	247		228	235,567	2,86754	-0,436681	236	243		228.0	239,833	4,731	-0,437	241,5	249.0		227.0	236,6	3,319	-0,873	237	243.0		228.0	233,967	2,169	-0,437	234	241.0
I_150_10_S_1-49_4	227		225	232,6	2,46696	-0,881057	233	241		219	227,8	0,352423	-3,52423	228	237		221	227,533	0,234949	-2,64317	228	234		228.0	234,767	3,421	0,441	235	245.0		218.0	231,367	1,924	-3,965	232	241.0		222.0	229,533	1,116	-2,203	230	235.0
I_150_10_S_1-49_5	226		223	234,8	3,89381	-1,32743	235,5	245		224	233,8	3,45133	-0,884956	234,5	243		221	230,533	2,0059	-2,21239	231	242		227.0	235,2	4,071	0,442	236	242.0		223.0	229,6	1,593	-1,327	230	239.0		221.0	228	0,885	-2,212	229	237.0
I_150_10_S_1-49_6	224		228	236,5	5,58036	1,78571	236,5	245		223	232,533	3,80952	-0,446429	233,5	238		222	231,967	3,55655	-0,892857	232	242		231.0	237,4	5,982	3,125	237,5	244.0		227.0	233,367	4,182	1,339	234	240.0		225.0	231,733	3,452	0,446	232,5	237.0
I_150_10_S_1-49_7	208		210	221,767	6,61859	0,961538	221	235		207	216,3	3,99038	-0,480769	216	226		204	214,967	3,34936	-1,92308	215	225		210.0	221,833	6,651	0,962	222	235.0		209.0	216,433	4,054	0,481	216,5	223.0		206.0	215	3,365	-0,962	215	224.0
I_150_10_S_1-49_8	242		242	250,233	3,4022	0	250,5	261		235	246,167	1,72176	-2,89256	246	255		233	243,833	0,757576	-3,71901	244	252		243.0	249,733	3,196	0,413	250	261.0		237.0	243,433	0,592	-2,066	243	257.0		232.0	241,833	-0,069	-4,132	242,5	249.0
I_150_10_S_1-49_9	225		222	231,133	2,72593	-1,33333	231	240		220	227,6	1,15556	-2,22222	229	236		217	226,2	0,533333	-3,55556	227	235		224.0	232,533	3,348	-0,444	233	243.0		220.0	227,633	1,17	-2,222	228	235.0		219.0	225,867	0,385	-2,667	226	231.0
I_150_10_S_1-9_1	184		181	186,767	1,50362	-1,63043	187,5	192		180	185,067	0,57971	-2,17391	185	192		179	183,333	-0,362319	-2,71739	183,5	189		182.0	186,467	1,341	-1,087	187	194.0		181.0	183,833	-0,091	-1,63	184	187.0		181.0	183,267	-0,399	-1,63	183	187.0
I_150_10_S_1-9_10	180		174	180,033	0,0185185	-3,33333	181	185		174	179,733	-0,148148	-3,33333	180	185		174	178,167	-1,01852	-3,33333	178	183		174.0	178,767	-0,685	-3,333	179	184.0		172.0	177,333	-1,481	-4,444	178	181.0		173.0	177,233	-1,537	-3,889	177	184.0
I_150_10_S_1-9_2	198		196	199,5	0,757576	-1,0101	199,5	204		193	198,067	0,03367	-2,52525	198,5	203		194	197,9	-0,0505051	-2,0202	198	204		194.0	197,933	-0,034	-2,02	198	207.0		193.0	196,233	-0,892	-2,525	197	200.0		193.0	194,933	-1,549	-2,525	195	197.0
I_150_10_S_1-9_3	174		170	173,533	-0,268199	-2,29885	174	179		169	171,733	-1,30268	-2,87356	172	176		167	171,767	-1,28352	-4,02299	172	175		169.0	174,367	0,211	-2,874	175	179.0		168.0	171,467	-1,456	-3,448	172	174.0		167.0	170,5	-2,011	-4,023	171	176.0
I_150_10_S_1-9_4	182		183	187,5	3,02198	0,549451	187,5	195		182	185,067	1,68498	0	185	189		181	184,933	1,61172	-0,549451	184	192		183.0	187,5	3,022	0,549	187	196.0		183.0	184,9	1,593	0,549	185	188.0		181.0	184,167	1,19	-0,549	184,5	188.0
I_150_10_S_1-9_5	183		178	182,667	-0,182149	-2,73224	182	192		174	179,733	-1,78506	-4,91803	180	186		173	178,933	-2,22222	-5,46448	179	185		177.0	183,8	0,437	-3,279	184	194.0		175.0	180,467	-1,384	-4,372	181	185.0		175.0	179,7	-1,803	-4,372	180	184.0
I_150_10_S_1-9_6	174		168	174,267	0,153257	-3,44828	173,5	182		167	171	-1,72414	-4,02299	171,5	178		167	170,133	-2,22222	-4,02299	170	176		168.0	172,2	-1,034	-3,448	172	179.0		164.0	170,4	-2,069	-5,747	170	175.0		166.0	169,533	-2,567	-4,598	170	175.0
I_150_10_S_1-9_7	180		178	182,233	1,24074	-1,11111	183	186		176	180,6	0,333333	-2,22222	181	183		176	180,167	0,0925926	-2,22222	180	186		180.0	183,467	1,926	0	183	189.0		176.0	180,667	0,37	-2,222	181	184.0		178.0	180,567	0,315	-1,111	180	185.0
I_150_10_S_1-9_8	202		195	198,633	-1,66667	-3,46535	199	203		192	197,3	-2,32673	-4,9505	198	202		191	195,6	-3,16832	-5,44554	196	201		195.0	202,3	0,149	-3,465	202	210.0		193.0	199,433	-1,271	-4,455	200	206.0		193.0	198	-1,98	-4,455	198,5	202.0
I_150_10_S_1-9_9	162		162	165,067	1,893	0	165,5	168		161	164,167	1,33745	-0,617284	164,5	167		161	163,5	0,925926	-0,617284	163	166		162.0	166,1	2,531	0	166	169.0		161.0	164,3	1,42	-0,617	164,5	168.0		159.0	163,133	0,7	-1,852	163	168.0
I_150_10_S_1-99_1	280		278	291,567	4,13095	-0,714286	292	304		272	286,2	2,21429	-2,85714	287	303		268	284,233	1,5119	-4,28571	284	308		283.0	295,5	5,536	1,071	296	319.0		274.0	287,133	2,548	-2,143	288	297.0		269.0	286,233	2,226	-3,929	288	295.0
I_150_10_S_1-99_10	259		281	299,467	15,6242	8,49421	299,5	314		282	293,433	13,2947	8,88031	294	303		273	286,067	10,4505	5,40541	286,5	305		281.0	295	13,9	8,494	296,5	310.0		277.0	286,4	10,579	6,95	286	300.0		267.0	284,3	9,768	3,089	284,5	303.0
I_150_10_S_1-99_2	291		296	304,367	4,59336	1,71821	305	312		289	301,067	3,45934	-0,687285	301,5	315		281	296,7	1,95876	-3,43643	298	307		293.0	311,533	7,056	0,687	312,5	334.0		295.0	306,3	5,258	1,375	306	316.0		288.0	299,2	2,818	-1,031	298,5	312.0
I_150_10_S_1-99_3	273		275	294,967	8,0464	0,732601	295,5	306		272	287,467	5,29915	-0,3663	288	306		273	284,767	4,31013	0	285	302		289.0	299,2	9,597	5,861	300	313.0		275.0	292,233	7,045	0,733	293	307.0		276.0	288,7	5,751	1,099	290	298.0
I_150_10_S_1-99_4	302		293	307,733	1,89845	-2,98013	309,5	319		285	302,1	0,0331126	-5,62914	304,5	313		286	299,633	-0,783664	-5,29801	299,5	315		292.0	316,167	4,691	-3,311	317	334.0		293.0	310,067	2,671	-2,98	311,5	324.0		294.0	304,2	0,728	-2,649	304	316.0
I_150_10_S_1-99_5	288		294	312,433	8,4838	2,08333	313	325		289	305,5	6,07639	0,347222	306	321		283	301,8	4,79167	-1,73611	304	318		298.0	313,133	8,727	3,472	314,5	325.0		294.0	304,867	5,856	2,083	305	317.0		286.0	299,433	3,97	-0,694	300	312.0
I_150_10_S_1-99_6	290		297	302,9	4,44828	2,41379	302	318		287	296,767	2,33333	-1,03448	297	313		280	294,6	1,58621	-3,44828	295	310		286.0	303,167	4,54	-1,379	304	314.0		282.0	294,7	1,621	-2,759	296	309.0		280.0	293,633	1,253	-3,448	295	305.0
I_150_10_S_1-99_7	276		282	297	7,6087	2,17391	296,5	312		281	290,367	5,20531	1,81159	290	303		274	285,633	3,49034	-0,724638	286,5	295		280.0	296,8	7,536	1,449	298	321.0		280.0	290,2	5,145	1,449	290	309.0		278.0	288,367	4,481	0,725	288	302.0
I_150_10_S_1-99_8	285		278	296,433	4,0117	-2,45614	298	314		272	292,2	2,52632	-4,5614	292	311		268	285,333	0,116959	-5,96491	285	298		283.0	298,067	4,585	-0,702	300	312.0		275.0	291,667	2,339	-3,509	292,5	304.0		274.0	287,2	0,772	-3,86	286	301.0
I_150_10_S_1-99_9	295		283	295,967	0,327684	-4,0678	296	310		281	289,533	-1,85311	-4,74576	290,5	302		276	286,567	-2,85876	-6,44068	287	299		283.0	300,667	1,921	-4,068	299,5	323.0		279.0	292,5	-0,847	-5,424	293,5	304.0		275.0	289,833	-1,751	-6,78	291	299.0
I_150_15_S_1-124_1	210		196	205,5	-2,14286	-6,66667	205	214		196	202,767	-3,44444	-6,66667	203	210		191	201,867	-3,87302	-9,04762	202	209		201.0	214,333	2,063	-4,286	216	222.0		199.0	209,5	-0,238	-5,238	210,5	219.0		199.0	207,467	-1,206	-5,238	208	217.0
I_150_15_S_1-124_10	199		197	203,267	2,14405	-1,00503	203	209		186	198,367	-0,318258	-6,53266	200	214		186	195,833	-1,59129	-6,53266	196	207		198.0	206,7	3,869	-0,503	207	219.0		186.0	197,267	-0,871	-6,533	198	209.0		177.0	195,333	-1,843	-11,055	196	209.0
I_150_15_S_1-124_2	206		187	202,467	-1,71521	-9,2233	202	220		188	197,8	-3,98058	-8,73786	198	207		187	194,833	-5,42071	-9,2233	193	206		194.0	209,833	1,861	-5,825	210	222.0		192.0	202,733	-1,586	-6,796	203,5	214.0		193.0	199,967	-2,929	-6,311	200	211.0
I_150_15_S_1-124_3	185		180	190,167	2,79279	-2,7027	191	203		172	184,9	-0,0540541	-7,02703	184,5	198		168	183,167	-0,990991	-9,18919	184	192		185.0	194,467	5,117	0	196	213.0		177.0	186,267	0,685	-4,324	186	198.0		175.0	185,033	0,018	-5,405	186	196.0
I_150_15_S_1-124_4	203		199	212,667	4,7619	-1,97044	213,5	226		195	207,533	2,23317	-3,94089	209	219		192	205,667	1,31363	-5,41872	206	217		199.0	214,567	5,698	-1,97	215,5	235.0		197.0	209,033	2,972	-2,956	209,5	218.0		192.0	205,767	1,363	-5,419	206	216.0
I_150_15_S_1-124_5	207		189	204,433	-1,23994	-8,69565	205	219		190	199,8	-3,47826	-8,21256	199	213		184	195,7	-5,45894	-11,1111	195,5	204		199.0	210,4	1,643	-3,865	211	221.0		192.0	204,5	-1,208	-7,246	205,5	213.0		193.0	202,133	-2,351	-6,763	203	210.0
I_150_15_S_1-124_6	197		182	197,367	0,186125	-7,61421	199	208		180	191,133	-2,978	-8,62944	191	202		182	188,967	-4,07783	-7,61421	191	198		189.0	200,733	1,895	-4,061	201,5	213.0		182.0	192,067	-2,504	-7,614	192,5	200.0		182.0	191,467	-2,809	-7,614	193	199.0
I_150_15_S_1-124_7	193		186	207	7,25389	-3,62694	209	219		177	199,167	3,19516	-8,29016	201	213		180	193,967	0,500864	-6,73575	195	208		190.0	201,833	4,577	-1,554	202,5	211.0		183.0	193,967	0,501	-5,181	193,5	211.0		183.0	192,8	-0,104	-5,181	193,5	199.0
I_150_15_S_1-124_8	182		181	188,233	3,42491	-0,549451	187	202		171	181,867	-0,0732601	-6,04396	183	191		169	181,233	-0,421245	-7,14286	181,5	198		180.0	193,733	6,447	-1,099	196	210.0		179.0	188,5	3,571	-1,648	189	198.0		173.0	185,233	1,777	-4,945	187	198.0
I_150_15_S_1-124_9	198		185	195,7	-1,16162	-6,56566	196	206		182	190,067	-4,00673	-8,08081	190,5	202		179	189,2	-4,44444	-9,59596	189,5	201		189.0	201,033	1,532	-4,545	202	214.0		181.0	195,033	-1,498	-8,586	195	210.0		185.0	193,6	-2,222	-6,566	195	204.0
I_150_15_S_1-49_1	143		137	143,133	0,0932401	-4,1958	143	150		136	141,233	-1,23543	-4,8951	141,5	147		136	141,533	-1,02564	-4,8951	142	149		136.0	145,9	2,028	-4,895	146	155.0		135.0	141,633	-0,956	-5,594	142,5	149.0		136.0	139,967	-2,121	-4,895	140	145.0
I_150_15_S_1-49_10	135		134	139,467	3,30864	-0,740741	139	147		130	138,1	2,2963	-3,7037	138	150		132	136,767	1,30864	-2,22222	137	143		137.0	141,3	4,667	1,481	142	146.0		132.0	137,767	2,049	-2,222	138	143.0		132.0	137,067	1,531	-2,222	138	141.0
I_150_15_S_1-49_2	130		127	135,367	4,12821	-2,30769	134,5	145		127	132,467	1,89744	-2,30769	133	139		121	131,667	1,28205	-6,92308	131	138		130.0	134,833	3,718	0	134,5	143.0		122.0	130,767	0,59	-6,154	131	140.0		124.0	129,867	-0,103	-4,615	131	135.0
I_150_15_S_1-49_3	132		122	130,967	-0,782828	-7,57576	131	140		123	128	-3,0303	-6,81818	128	135		122	126,967	-3,81313	-7,57576	126	135		130.0	134,8	2,121	-1,515	135	140.0		126.0	130,833	-0,884	-4,545	130	136.0		125.0	129,733	-1,717	-5,303	130	135.0
I_150_15_S_1-49_4	139		137	142,367	2,42206	-1,43885	141,5	149		133	140,6	1,15108	-4,31655	141	145		133	139,433	0,311751	-4,31655	140	145		137.0	143,367	3,141	-1,439	144	152.0		133.0	140,333	0,959	-4,317	141	146.0		135.0	139,9	0,647	-2,878	140	145.0
I_150_15_S_1-49_5	135		130	136,6	1,18519	-3,7037	137	144		130	135,8	0,592593	-3,7037	135	142		129	133,933	-0,790123	-4,44444	133,5	141		132.0	139	2,963	-2,222	139	151.0		132.0	136,667	1,235	-2,222	137	143.0		129.0	136	0,741	-4,444	136	140.0
I_150_15_S_1-49_6	122		123	128,233	5,10929	0,819672	129	133		120	126	3,27869	-1,63934	127	133		120	126,067	3,33333	-1,63934	126	135		123.0	131,367	7,678	0,82	131,5	138.0		122.0	127,867	4,809	0	128	133.0		123.0	127,467	4,481	0,82	127,5	132.0
I_150_15_S_1-49_7	148		141	146,6	-0,945946	-4,72973	147	151		138	143,9	-2,77027	-6,75676	143,5	152		140	143,833	-2,81532	-5,40541	143	151		142.0	147,3	-0,473	-4,054	147	153.0		140.0	145,233	-1,869	-5,405	145	153.0		138.0	143,533	-3,018	-6,757	143	152.0
I_150_15_S_1-49_8	137		139	148,6	8,46715	1,45985	150	156		136	145,3	6,05839	-0,729927	146	153		135	143,533	4,76886	-1,45985	144	152		138.0	145,767	6,399	0,73	146,5	151.0		140.0	144,267	5,304	2,19	145	148.0		135.0	141,533	3,309	-1,46	142	149.0
I_150_15_S_1-49_9	147		142	150,733	2,53968	-3,40136	151	157		138	147,133	0,0907029	-6,12245	148	156		138	144,833	-1,47392	-6,12245	145,5	150		140.0	149,167	1,474	-4,762	149	161.0		138.0	144,533	-1,678	-6,122	145	152.0		137.0	144	-2,041	-6,803	144	150.0
I_150_15_S_1-9_1	97		93	96,3	-0,721649	-4,12371	96	100		92	94,7667	-2,30241	-5,15464	95	98		92	94,9333	-2,13058	-5,15464	96	97		92.0	95,9	-1,134	-5,155	96	101.0		91.0	94,533	-2,543	-6,186	95	97.0		92.0	93,767	-3,333	-5,155	93,5	96.0
I_150_15_S_1-9_10	90		87	90,7667	0,851852	-3,33333	92	95		88	89,9667	-0,037037	-2,22222	90	92		88	90,2333	0,259259	-2,22222	90	95		89.0	92,733	3,037	-1,111	93	98.0		88.0	90,8	0,889	-2,222	91	96.0		88.0	90,167	0,185	-2,222	90	94.0
I_150_15_S_1-9_2	99		93	97,4667	-1,54882	-6,06061	98	107		93	95,5333	-3,50168	-6,06061	96	99		93	95,8667	-3,16498	-6,06061	96	99		95.0	97,5	-1,515	-4,04	97,5	102.0		90.0	94,633	-4,411	-9,091	95	98.0		91.0	94,1	-4,949	-8,081	94	97.0
I_150_15_S_1-9_3	98		95	99,2	1,22449	-3,06122	100	103		93	98,1	0,102041	-5,10204	98	101		94	97,7667	-0,238095	-4,08163	97	101		95.0	99,2	1,224	-3,061	100	103.0		93.0	96,2	-1,837	-5,102	97	98.0		93.0	95,7	-2,347	-5,102	96	99.0
I_150_15_S_1-9_4	100		96	98,0667	-1,93333	-4	98	102		94	96,8667	-3,13333	-6	97	100		93	96,4333	-3,56667	-7	97	100		93.0	98,833	-1,167	-7	99,5	103.0		93.0	96,1	-3,9	-7	96	100.0		92.0	95,6	-4,4	-8	95	100.0
I_150_15_S_1-9_5	91		85	88,6667	-2,5641	-6,59341	88,5	94		85	88	-3,2967	-6,59341	88	93		84	87,2333	-4,13919	-7,69231	88	91		86.0	90,1	-0,989	-5,495	90	96.0		85.0	87,867	-3,443	-6,593	88	91.0		82.0	87,733	-3,59	-9,89	88	93.0
I_150_15_S_1-9_6	101		95	98,8	-2,17822	-5,94059	99,5	102		95	97,7333	-3,23432	-5,94059	98	102		94	96,9667	-3,9934	-6,93069	97	100		97.0	100,767	-0,231	-3,96	100	109.0		95.0	98,533	-2,442	-5,941	98	102.0		94.0	98,167	-2,805	-6,931	98	102.0
I_150_15_S_1-9_7	106		99	102,567	-3,23899	-6,60377	102	108		97	101,533	-4,21384	-8,49057	101,5	107		97	101,433	-4,30818	-8,49057	101	106		100.0	105,133	-0,818	-5,66	105	112.0		99.0	103,467	-2,39	-6,604	104	107.0		99.0	102,4	-3,396	-6,604	102,5	105.0
I_150_15_S_1-9_8	100		98	101,867	1,86667	-2	101,5	110		97	99,1667	-0,833333	-3	99	103		96	98,5333	-1,46667	-4	99	103		97.0	102,333	2,333	-3	103	106.0		98.0	100,233	0,233	-2	100	103.0		97.0	100	0	-3	100	105.0
I_150_15_S_1-9_9	102		96	104,733	2,67974	-5,88235	105	109		99	101,767	-0,228758	-2,94118	102	108		99	101,9	-0,0980392	-2,94118	101	106		98.0	104,2	2,157	-3,922	105	109.0		97.0	102,167	0,163	-4,902	102	107.0		97.0	101,6	-0,392	-4,902	102	104.0
I_150_15_S_1-99_1	176		166	178	1,13636	-5,68182	178,5	185		164	174,633	-0,776515	-6,81818	175	185		165	173,267	-1,55303	-6,25	174	182		174.0	184,1	4,602	-1,136	184	196.0		166.0	176,233	0,133	-5,682	177	187.0		168.0	175,933	-0,038	-4,545	176	183.0
I_150_15_S_1-99_10	170		162	173,767	2,21569	-4,70588	175	182		160	171,733	1,01961	-5,88235	173	181		160	167,567	-1,43137	-5,88235	167	178		168.0	176,4	3,765	-1,176	176,5	190.0		161.0	171,233	0,725	-5,294	171	179.0		161.0	170,067	0,039	-5,294	170,5	179.0
I_150_15_S_1-99_2	176		166	175,3	-0,397727	-5,68182	175	187		161	171,267	-2,68939	-8,52273	172	179		158	170,567	-3,08712	-10,2273	170,5	179		170.0	180,567	2,595	-3,409	182	191.0		166.0	175,067	-0,53	-5,682	175	181.0		165.0	172,867	-1,78	-6,25	173,5	178.0
I_150_15_S_1-99_3	160		167	176,2	10,125	4,375	176	185		166	172,733	7,95833	3,75	172,5	180		160	170,433	6,52083	0	171,5	178		172.0	181,3	13,313	7,5	181	191.0		163.0	173,467	8,417	1,875	174	180.0		163.0	171,733	7,333	1,875	172	178.0
I_150_15_S_1-99_4	177		177	186,733	5,49906	0	187	200		168	177,933	0,527307	-5,08475	177	192		169	178,6	0,903955	-4,51977	179	193		167.0	182,933	3,352	-5,65	185	195.0		166.0	175,667	-0,753	-6,215	176	184.0		169.0	175,633	-0,772	-4,52	175	185.0
I_150_15_S_1-99_5	172		175	183,367	6,60853	1,74419	182	199		167	179,7	4,47674	-2,90698	180	195		167	176,733	2,75194	-2,90698	177	186		170.0	186,733	8,566	-1,163	187	197.0		168.0	179,433	4,322	-2,326	180	191.0		171.0	179,333	4,264	-0,581	180	184.0
I_150_15_S_1-99_6	170		176	181,8	6,94118	3,52941	182	189		164	175,267	3,09804	-3,52941	175	185		167	174,667	2,7451	-1,76471	176	182		170.0	184,6	8,588	0	185	196.0		172.0	179,2	5,412	1,176	180	187.0		167.0	175,433	3,196	-1,765	177	183.0
I_150_15_S_1-99_7	168		173	177,6	5,71429	2,97619	179	184		166	173,533	3,29365	-1,19048	174	180		166	171,667	2,18254	-1,19048	172	181		168.0	181,333	7,937	0	181	196.0		168.0	175,967	4,742	0	176	186.0		163.0	172,4	2,619	-2,976	173	180.0
I_150_15_S_1-99_8	160		154	160,433	0,270833	-3,75	160,5	170		150	158,2	-1,125	-6,25	159	165		150	156,267	-2,33333	-6,25	156	164		161.0	170,133	6,333	0,625	170	176.0		152.0	165,367	3,354	-5	166,5	176.0		152.0	161,333	0,833	-5	161	171.0
I_150_15_S_1-99_9	173		166	174,767	1,02119	-4,04624	175	186		165	172,367	-0,366089	-4,62428	172,5	180		161	169,267	-2,158	-6,93642	169	180		170.0	180,467	4,316	-1,734	181,5	193.0		164.0	174,967	1,137	-5,202	175	184.0		164.0	173,433	0,25	-5,202	175	181.0
I_150_20_S_1-124_1	141		128	135,5	-3,90071	-9,21986	135	149		125	134,4	-4,68085	-11,3475	135	145		126	132,167	-6,26478	-10,6383	132	143		129.0	138,633	-1,678	-8,511	139	146.0		125.0	134,667	-4,492	-11,348	135	149.0		120.0	130,867	-7,187	-14,894	130,5	142.0
I_150_20_S_1-124_10	149		136	145,167	-2,57271	-8,72483	145,5	152		132	141,667	-4,9217	-11,4094	141,5	151		130	139	-6,71141	-12,7517	140	144		137.0	148,033	-0,649	-8,054	148	155.0		138.0	143,533	-3,669	-7,383	143	149.0		129.0	141,933	-4,743	-13,423	143	151.0
I_150_20_S_1-124_2	143		126	133,967	-6,31702	-11,8881	134	143		121	130,4	-8,81119	-15,3846	131	142		122	129,933	-9,13753	-14,6853	130	137		129.0	140,133	-2,005	-9,79	141	148.0		128.0	135,5	-5,245	-10,49	135,5	143.0		130.0	134,3	-6,084	-9,091	134,5	140.0
I_150_20_S_1-124_3	151		133	141,5	-6,29139	-11,9205	142	152		131	137,267	-9,09492	-13,245	137	144		130	136,667	-9,49227	-13,9073	136	145		139.0	148,267	-1,81	-7,947	149	156.0		135.0	143,133	-5,21	-10,596	143	154.0		134.0	139,667	-7,506	-11,258	139,5	148.0
I_150_20_S_1-124_4	139		123	130,633	-6,01918	-11,5108	130,5	137		123	128,6	-7,48201	-11,5108	129,5	135		120	127,9	-7,98561	-13,6691	128,5	138		131.0	140,867	1,343	-5,755	142	148.0		129.0	134,667	-3,118	-7,194	134,5	144.0		125.0	133,667	-3,837	-10,072	135	141.0
I_150_20_S_1-124_5	141		128	135,8	-3,68794	-9,21986	136	143		124	132,767	-5,83924	-12,0567	133	139		124	131,067	-7,04492	-12,0567	131,5	142		131.0	142,667	1,182	-7,092	143	153.0		124.0	134,967	-4,279	-12,057	135	144.0		126.0	134,367	-4,704	-10,638	134,5	144.0
I_150_20_S_1-124_6	146		134	143,967	-1,39269	-8,21918	143	156		128	139,067	-4,74886	-12,3288	139	148		131	137,567	-5,77626	-10,274	138	148		135.0	147,033	0,708	-7,534	146	157.0		133.0	140,767	-3,584	-8,904	141,5	152.0		131.0	138,1	-5,411	-10,274	137,5	149.0
I_150_20_S_1-124_7	140		127	136,6	-2,42857	-9,28571	136	146		127	132,8	-5,14286	-9,28571	134	141		125	130,967	-6,45238	-10,7143	131	138		134.0	141,9	1,357	-4,286	142	153.0		125.0	135,5	-3,214	-10,714	135	146.0		125.0	134,367	-4,024	-10,714	136	140.0
I_150_20_S_1-124_8	139		125	131,433	-5,44365	-10,0719	131,5	138		118	129,333	-6,95444	-15,1079	131	136		118	129,767	-6,64269	-15,1079	131	136		130.0	136,267	-1,966	-6,475	137	147.0		124.0	132,4	-4,748	-10,791	133	143.0		121.0	130,233	-6,307	-12,95	131	139.0
I_150_20_S_1-124_9	146		128	139,167	-4,68037	-12,3288	140	146		127	136	-6,84932	-13,0137	136,5	145		125	133,9	-8,28767	-14,3836	135	142		133.0	141,3	-3,219	-8,904	142,5	149.0		127.0	135,267	-7,352	-13,014	134	145.0		125.0	134,067	-8,174	-14,384	135	144.0
I_150_20_S_1-49_1	103		93	97,9	-4,95146	-9,70874	98,5	105		90	95,5	-7,28155	-12,6214	96	100		88	94,2	-8,54369	-14,5631	95	100		91.0	96,933	-5,89	-11,65	97,5	105.0		90.0	93,367	-9,353	-12,621	93	100.0		89.0	92,867	-9,838	-13,592	93	97.0
I_150_20_S_1-49_10	101		91	96,7	-4,25743	-9,90099	98	101		90	95	-5,94059	-10,8911	95	98		90	95,1	-5,84158	-10,8911	95	99		94.0	99,933	-1,056	-6,931	100,5	104.0		92.0	96,8	-4,158	-8,911	97	100.0		88.0	95,833	-5,116	-12,871	96,5	101.0
I_150_20_S_1-49_2	99		85	92,7	-6,36364	-14,1414	93	98		86	89,9333	-9,15825	-13,1313	89,5	98		85	89,8333	-9,25926	-14,1414	90	95		89.0	94,4	-4,646	-10,101	95	99.0		87.0	91,867	-7,205	-12,121	92	95.0		86.0	89,967	-9,125	-13,131	90	96.0
I_150_20_S_1-49_3	87		92	96,3667	10,7663	5,74713	96	102		91	94,2	8,27586	4,5977	94	100		87	93,0333	6,93487	0	94	97		89.0	95,3	9,54	2,299	95,5	101.0		86.0	92,067	5,824	-1,149	92	98.0		86.0	90,167	3,64	-1,149	90	96.0
I_150_20_S_1-49_4	96		92	96,4333	0,451389	-4,16667	97	98		89	94,5667	-1,49306	-7,29167	95	97		88	94,4	-1,66667	-8,33333	94,5	97		95.0	99,133	3,264	-1,042	99	104.0		89.0	95,467	-0,556	-7,292	96	100.0		92.0	95,1	-0,938	-4,167	95	99.0
I_150_20_S_1-49_5	105		96	101,767	-3,07937	-8,57143	102	106		96	99,4667	-5,26984	-8,57143	99	106		91	97,6667	-6,98413	-13,3333	98	104		99.0	103,8	-1,143	-5,714	104	110.0		95.0	100,5	-4,286	-9,524	101	106.0		95.0	99,1	-5,619	-9,524	99,5	103.0
I_150_20_S_1-49_6	92		97	100,967	9,74638	5,43478	101	108		93	98,6	7,17391	1,08696	99	108		91	97,3	5,76087	-1,08696	97,5	105		94.0	99,733	8,406	2,174	99,5	104.0		92.0	96	4,348	0	96	100.0		91.0	95,267	3,551	-1,087	95,5	99.0
I_150_20_S_1-49_7	85		85	87,7	3,17647	0	88	91		83	88	3,52941	-2,35294	87,5	95		81	85,8667	1,01961	-4,70588	86	91		85.0	91	7,059	0	91,5	95.0		82.0	88,533	4,157	-3,529	89	94.0		82.0	87	2,353	-3,529	87	92.0
I_150_20_S_1-49_8	95		88	94,3333	-0,701754	-7,36842	95	102		87	91,0333	-4,17544	-8,42105	91	97		87	91,5	-3,68421	-8,42105	92	100		90.0	95,967	1,018	-5,263	96	104.0		84.0	92,133	-3,018	-11,579	93	97.0		88.0	92,1	-3,053	-7,368	92	97.0
I_150_20_S_1-49_9	91		84	90	-1,0989	-7,69231	90	95		82	88,0667	-3,22344	-9,89011	88,5	96		83	88,4	-2,85714	-8,79121	88,5	96		87.0	91,933	1,026	-4,396	92	100.0		85.0	89,567	-1,575	-6,593	89	97.0		83.0	87,8	-3,516	-8,791	88	91.0
I_150_20_S_1-9_1	75		68	73,4333	-2,08889	-9,33333	73	79		68	71,4667	-4,71111	-9,33333	71,5	76		66	70,7667	-5,64444	-12	71	76		68.0	73,667	-1,778	-9,333	74	78.0		68.0	71,4	-4,8	-9,333	72	75.0		67.0	70,133	-6,489	-10,667	70	73.0
I_150_20_S_1-9_10	63		60	61,1667	-2,91005	-4,7619	61	63		58	60,4	-4,12698	-7,93651	60	63		58	59,9667	-4,81481	-7,93651	60	63		59.0	61,8	-1,905	-6,349	62	65.0		59.0	61,2	-2,857	-6,349	61	64.0		58.0	60,933	-3,28	-7,937	61	64.0
I_150_20_S_1-9_2	62		57	61,0333	-1,55914	-8,06452	61,5	64		57	60,2333	-2,84946	-8,06452	60,5	64		57	59,8333	-3,49462	-8,06452	60,5	64		59.0	61,5	-0,806	-4,839	61	64.0		58.0	59,667	-3,763	-6,452	60	63.0		57.0	59,267	-4,409	-8,065	59	62.0
I_150_20_S_1-9_3	60		58	60,7	1,16667	-3,33333	60	67		56	59,2	-1,33333	-6,66667	59	68		56	58,7	-2,16667	-6,66667	58	65		56.0	59,9	-0,167	-6,667	60	64.0		57.0	57,867	-3,556	-5	58	60.0		55.0	57,633	-3,944	-8,333	58	59.0
I_150_20_S_1-9_4	64		61	64,6	0,9375	-4,6875	65	68		59	62,8	-1,875	-7,8125	63	68		60	61,7333	-3,54167	-6,25	61,5	67		61.0	63,4	-0,938	-4,688	63,5	66.0		59.0	61,4	-4,063	-7,812	62	63.0		58.0	60,867	-4,896	-9,375	61	63.0
I_150_20_S_1-9_5	67		65	68,0333	1,54229	-2,98507	68	72		65	66,5	-0,746269	-2,98507	66	71		64	66,2333	-1,14428	-4,47761	66	70		64.0	68,167	1,741	-4,478	68	73.0		65.0	66,267	-1,095	-2,985	66	68.0		64.0	66,033	-1,443	-4,478	66	69.0
I_150_20_S_1-9_6	69		66	68,8333	-0,241546	-4,34783	68,5	72		63	67,2667	-2,51208	-8,69565	67,5	72		63	66,0667	-4,25121	-8,69565	66	69		65.0	68,867	-0,193	-5,797	69	72.0		65.0	67,067	-2,802	-5,797	67	70.0		63.0	66,367	-3,816	-8,696	66	69.0
I_150_20_S_1-9_7	64		63	66,3	3,59375	-1,5625	67	70		61	65,0333	1,61458	-4,6875	65	70		60	63,9667	-0,0520833	-6,25	64	68		62.0	66,233	3,49	-3,125	67	69.0		61.0	63,5	-0,781	-4,688	63	67.0		61.0	62,833	-1,823	-4,688	63	65.0
I_150_20_S_1-9_8	64		60	61,4667	-3,95833	-6,25	62	64		58	61,2667	-4,27083	-9,375	61	64		58	60,5667	-5,36458	-9,375	60	63		60.0	63,5	-0,781	-6,25	64	66.0		58.0	61,033	-4,635	-9,375	61	64.0		57.0	60,867	-4,896	-10,938	61	63.0
I_150_20_S_1-9_9	63		61	63,7333	1,16402	-3,1746	64,5	66		60	63,3333	0,529101	-4,7619	64	67		60	63,4333	0,687831	-4,7619	63,5	71		59.0	62,2	-1,27	-6,349	62,5	65.0		58.0	60,733	-3,598	-7,937	61	64.0		57.0	60,267	-4,339	-9,524	61	63.0
I_150_20_S_1-99_1	123		114	118,1	-3,98374	-7,31707	118	126		112	115,833	-5,82656	-8,94309	116	121		110	115,733	-5,90786	-10,5691	116	122		120.0	128,067	4,119	-2,439	129	135.0		116.0	122,433	-0,461	-5,691	122,5	128.0		116.0	122,633	-0,298	-5,691	123	129.0
I_150_20_S_1-99_10	115		116	121,867	5,97101	0,869565	122	129		115	119,533	3,94203	0	120	124		110	118,533	3,07246	-4,34783	120	127		111.0	122,833	6,812	-3,478	122	131.0		110.0	119,1	3,565	-4,348	120	128.0		109.0	116,333	1,159	-5,217	116	124.0
I_150_20_S_1-99_2	132		123	131,3	-0,530303	-6,81818	131	139		119	128,533	-2,62626	-9,84848	129,5	139		116	125,967	-4,57071	-12,1212	126	133		123.0	132,233	0,177	-6,818	133	140.0		117.0	126,367	-4,268	-11,364	127,5	134.0		121.0	125,8	-4,697	-8,333	126	132.0
I_150_20_S_1-99_3	120		117	123,2	2,66667	-2,5	124	130		117	121,4	1,16667	-2,5	121	127		114	120,9	0,75	-5	121	127		122.0	128,4	7	1,667	129	137.0		116.0	124,633	3,861	-3,333	125	132.0		115.0	122,867	2,389	-4,167	122,5	129.0
I_150_20_S_1-99_4	123		114	119,967	-2,46612	-7,31707	119,5	127		109	114,833	-6,63957	-11,3821	115	121		107	115,3	-6,26016	-13,0081	116	125		109.0	121,433	-1,274	-11,382	122	130.0		110.0	118,133	-3,957	-10,569	118	125.0		112.0	117,1	-4,797	-8,943	117	125.0
I_150_20_S_1-99_5	120		114	118,033	-1,63889	-5	117,5	124		108	114,8	-4,33333	-10	114,5	121		106	112,733	-6,05556	-11,6667	113	118		117.0	123,967	3,306	-2,5	124	131.0		114.0	119,5	-0,417	-5	120	123.0		111.0	118,7	-1,083	-7,5	119	127.0
I_150_20_S_1-99_6	119		115	121,567	2,15686	-3,36134	122	129		112	118,133	-0,728291	-5,88235	118	127		110	117,3	-1,42857	-7,56303	117	123		121.0	127,8	7,395	1,681	128	138.0		116.0	123,7	3,95	-2,521	123,5	130.0		110.0	119	0	-7,563	120	125.0
I_150_20_S_1-99_7	124		119	126,5	2,01613	-4,03226	126,5	134		118	125,133	0,913978	-4,83871	125	132		115	123,233	-0,61828	-7,25806	123	132		123.0	132,833	7,124	-0,806	133	143.0		119.0	128,333	3,495	-4,032	128,5	136.0		116.0	124,967	0,78	-6,452	125	133.0
I_150_20_S_1-99_8	125		112	117,867	-5,70667	-10,4	118	124		110	115,833	-7,33333	-12	116	121		107	114,633	-8,29333	-14,4	115,5	120		120.0	124,333	-0,533	-4	124	138.0		115.0	120,9	-3,28	-8	121	130.0		111.0	118,667	-5,067	-11,2	118	127.0
I_150_20_S_1-99_9	119		113	120,4	1,17647	-5,04202	120,5	127		111	118,4	-0,504202	-6,72269	119	126		111	116,333	-2,2409	-6,72269	117	121		120.0	126,567	6,359	0,84	127	135.0		116.0	122,267	2,745	-2,521	123	130.0		110.0	119,933	0,784	-7,563	120,5	127.0
